order_id,email,transaction_timestamp,total_item_quantity,purchase_revenue_in_usd,unique_items,items
285712,wbrown@gonzales-miranda.com,1592521889512254,2,1071.0,1,"""[{""""coupon"""":""""NEWBED10"""""
277921,campbellkatrina@phillips-duarte.com,1592458670364116,1,850.5,1,"""[{""""coupon"""":""""NEWBED10"""""
274566,gregorytorres@meyer.com,1592419954844631,1,535.5,1,"""[{""""coupon"""":""""NEWBED10"""""
257606,ryanolson@brooks.com,1592213705353885,2,1754.0,2,"""[{""""item_id"""":""""M_PREM_F"""""
257628,kimberly68@mcpherson.net,1592214238807084,1,1045.0,1,"""[{""""item_id"""":""""M_STAN_Q"""""
289539,levans13@hotmail.com,1592572270401950,2,2016.0,2,"""[{""""coupon"""":""""NEWBED10"""""
257794,anthonylopez@gmail.com,1592218840420069,1,1045.0,1,"""[{""""item_id"""":""""M_STAN_Q"""""
257918,wlarson@sanchez.info,1592221370370320,1,1695.0,1,"""[{""""item_id"""":""""M_PREM_F"""""
257798,hernandezjohnny@ball.com,1592218929139881,1,1695.0,1,"""[{""""item_id"""":""""M_PREM_F"""""
258127,laura40@reynolds.com,1592224798871113,1,1195.0,1,"""[{""""item_id"""":""""M_STAN_K"""""
257923,hughesmichelle@hotmail.com,1592221432003068,1,1795.0,1,"""[{""""item_id"""":""""M_PREM_Q"""""
258155,dcole@underwood-evans.net,1592225225531188,1,1795.0,1,"""[{""""item_id"""":""""M_PREM_Q"""""
258115,amanda2576@yahoo.com,1592224637223998,1,1695.0,1,"""[{""""item_id"""":""""M_PREM_F"""""
278572,jdixon@steele-kennedy.net,1592474913337711,1,535.5,1,"""[{""""coupon"""":""""NEWBED10"""""
298991,jamie3419@hotmail.com,1592636268357203,1,940.5,1,"""[{""""coupon"""":""""NEWBED10"""""
258561,ayaladavid@hotmail.com,1592229312105129,1,595.0,1,"""[{""""item_id"""":""""M_STAN_T"""""
275792,meganmiller@gmail.com,1592427703572736,1,535.5,1,"""[{""""coupon"""":""""NEWBED10"""""
258384,jennifer100@yahoo.com,1592227857720759,1,595.0,1,"""[{""""item_id"""":""""M_STAN_T"""""
281527,randolphjimmy@hotmail.com,1592498653047331,1,535.5,1,"""[{""""coupon"""":""""NEWBED10"""""
258653,gregorygarcia24@gmail.com,1592230215493941,1,1195.0,1,"""[{""""item_id"""":""""M_STAN_K"""""
259567,devindorsey@yahoo.com,1592237009933608,2,1190.0,1,"""[{""""item_id"""":""""M_STAN_T"""""
259233,jesus64@gmail.com,1592234722391801,1,1045.0,1,"""[{""""item_id"""":""""M_STAN_Q"""""
288311,hallryan9@gmail.com,1592560621183642,2,1686.6,2,"""[{""""coupon"""":""""NEWBED10"""""
259306,davery@gmail.com,1592235232317440,2,1190.0,1,"""[{""""item_id"""":""""M_STAN_T"""""
284378,carterautumn@dudley-sullivan.com,1592513092147896,1,940.5,1,"""[{""""coupon"""":""""NEWBED10"""""
259273,joel25@cruz-brewer.com,1592234995490891,1,1045.0,1,"""[{""""item_id"""":""""M_STAN_Q"""""
277955,boothjeff@lopez.com,1592459987942459,2,903.6,2,"""[{""""coupon"""":""""NEWBED10"""""
277614,johnssamantha@yahoo.com,1592449450374531,1,1795.5,1,"""[{""""coupon"""":""""NEWBED10"""""
259559,aaronjones@yahoo.com,1592236947810565,1,595.0,1,"""[{""""item_id"""":""""M_STAN_T"""""
259423,lgregory@harrison.com,1592236066689728,1,595.0,1,"""[{""""item_id"""":""""M_STAN_T"""""
259791,gavin45@baldwin.com,1592238529002701,1,1045.0,1,"""[{""""item_id"""":""""M_STAN_Q"""""
260436,emily69@hotmail.com,1592242479249099,1,595.0,1,"""[{""""item_id"""":""""M_STAN_T"""""
259947,crystalgraham@sullivan.org,1592239561340999,1,1195.0,1,"""[{""""item_id"""":""""M_STAN_K"""""
274545,rosemarissa@hotmail.com,1592419813529279,1,1525.5,1,"""[{""""coupon"""":""""NEWBED10"""""
260236,mccoyricky@yahoo.com,1592241278788574,1,1195.0,1,"""[{""""item_id"""":""""M_STAN_K"""""
260088,xsmith54@yahoo.com,1592240403205654,1,1045.0,1,"""[{""""item_id"""":""""M_STAN_Q"""""
260228,carolyn8881@hotmail.com,1592241230238108,1,1195.0,1,"""[{""""item_id"""":""""M_STAN_K"""""
284337,avilla@patrick.com,1592512785786297,1,535.5,1,"""[{""""coupon"""":""""NEWBED10"""""
297862,rosschristina@wallace.net,1592618272162770,1,850.5,1,"""[{""""coupon"""":""""NEWBED10"""""
260333,parkergregory1@yahoo.com,1592241918375952,1,1045.0,1,"""[{""""item_id"""":""""M_STAN_Q"""""
260304,megan24@gmail.com,1592241688407566,2,1104.0,2,"""[{""""item_id"""":""""M_STAN_Q"""""
261140,ysimon@stewart.com,1592246992124808,1,1795.0,1,"""[{""""item_id"""":""""M_PREM_Q"""""
261148,castrosharon@hotmail.com,1592247043616586,1,1995.0,1,"""[{""""item_id"""":""""M_PREM_K"""""
277330,johnny44@simpson-burnett.org,1592443816024176,1,850.5,1,"""[{""""coupon"""":""""NEWBED10"""""
261128,bonnie09@jackson-flowers.com,1592246906114875,1,595.0,1,"""[{""""item_id"""":""""M_STAN_T"""""
261167,hughesjoshua@gmail.com,1592247166199258,1,1045.0,1,"""[{""""item_id"""":""""M_STAN_Q"""""
261103,qpeterson@gmail.com,1592246766873852,1,1195.0,1,"""[{""""item_id"""":""""M_STAN_K"""""
261496,nichole57@gmail.com,1592249042902851,1,1045.0,1,"""[{""""item_id"""":""""M_STAN_Q"""""
261186,melissavargas30@gmail.com,1592247293579997,1,945.0,1,"""[{""""item_id"""":""""M_STAN_F"""""
261551,kylewarren@hotmail.com,1592249516155864,1,1045.0,1,"""[{""""item_id"""":""""M_STAN_Q"""""
261730,yjones@lozano.info,1592250637350025,1,595.0,1,"""[{""""item_id"""":""""M_STAN_T"""""
261454,marysmith@yahoo.com,1592248779201768,1,1195.0,1,"""[{""""item_id"""":""""M_STAN_K"""""
261390,renee34@martin.com,1592248453780837,1,1095.0,1,"""[{""""item_id"""":""""M_PREM_T"""""
262099,aaronrobinson@hess.com,1592253316300684,2,1104.0,2,"""[{""""item_id"""":""""M_STAN_Q"""""
270596,jsimon74@gmail.com,1592371254810601,1,535.5,1,"""[{""""coupon"""":""""NEWBED10"""""
271470,rachel33@hotmail.com,1592398123585626,1,940.5,1,"""[{""""coupon"""":""""NEWBED10"""""
262206,brittanywilliams@howard.com,1592254090037349,1,945.0,1,"""[{""""item_id"""":""""M_STAN_F"""""
262317,clawrence@bishop.com,1592254871679739,1,595.0,1,"""[{""""item_id"""":""""M_STAN_T"""""
261789,langchad@moore.com,1592250993618236,1,1995.0,1,"""[{""""item_id"""":""""M_PREM_K"""""
295163,georgeatkinson@martinez.com,1592599019297090,1,535.5,1,"""[{""""coupon"""":""""NEWBED10"""""
270244,wooddonna@copeland-thomas.com,1592357191504006,1,1615.5,1,"""[{""""coupon"""":""""NEWBED10"""""
278449,scottflores@hotmail.com,1592472290781207,1,940.5,1,"""[{""""coupon"""":""""NEWBED10"""""
262347,fmartinez@mills.com,1592255100714736,2,1024.0,2,"""[{""""item_id"""":""""M_STAN_F"""""
262075,kevinbrown@burns.org,1592253069484733,1,1095.0,1,"""[{""""item_id"""":""""M_PREM_T"""""
262081,slopez@yahoo.com,1592253126787208,1,595.0,1,"""[{""""item_id"""":""""M_STAN_T"""""
286325,nixonandrew@yahoo.com,1592528006423735,2,1092.6,2,"""[{""""coupon"""":""""NEWBED10"""""
262915,simsjoseph@lopez.com,1592259906616673,1,1695.0,1,"""[{""""item_id"""":""""M_PREM_F"""""
262663,mwalter@gmail.com,1592257590306238,1,119.0,1,"""[{""""item_id"""":""""P_DOWN_S"""""
277154,lynchanne@hotmail.com,1592440931964956,1,940.5,1,"""[{""""coupon"""":""""NEWBED10"""""
278190,cochranheather@rosario.com,1592466394086240,1,1075.5,1,"""[{""""coupon"""":""""NEWBED10"""""
263010,lisa9760@gmail.com,1592260860389094,1,595.0,1,"""[{""""item_id"""":""""M_STAN_T"""""
263230,adamlam@hotmail.com,1592263831752074,1,945.0,1,"""[{""""item_id"""":""""M_STAN_F"""""
279086,opeterson@gmail.com,1592481979189717,1,850.5,1,"""[{""""coupon"""":""""NEWBED10"""""
303389,xhaney@page.com,1592667782519682,1,940.5,1,"""[{""""coupon"""":""""NEWBED10"""""
263247,pamela83@heath.com,1592264123696339,1,1195.0,1,"""[{""""item_id"""":""""M_STAN_K"""""
263147,qhester@gmail.com,1592262536931996,1,945.0,1,"""[{""""item_id"""":""""M_STAN_F"""""
290514,maurice06@lamb.com,1592578307372503,1,535.5,1,"""[{""""coupon"""":""""NEWBED10"""""
263709,vsanchez98@yahoo.com,1592275653484359,1,595.0,1,"""[{""""item_id"""":""""M_STAN_T"""""
263640,kelsey46@gmail.com,1592272979722146,1,595.0,1,"""[{""""item_id"""":""""M_STAN_T"""""
278118,tonya55@hotmail.com,1592464866083095,1,1795.5,1,"""[{""""coupon"""":""""NEWBED10"""""
270296,justin15@woodard.com,1592358714173301,1,535.5,1,"""[{""""coupon"""":""""NEWBED10"""""
287277,maria09@french.com,1592541887613225,1,535.5,1,"""[{""""coupon"""":""""NEWBED10"""""
264114,weissjeremy@lee-cortez.com,1592304714279213,1,1795.0,1,"""[{""""item_id"""":""""M_PREM_Q"""""
311347,russellmoore@carr.biz,1592704739331730,1,53.1,1,"""[{""""coupon"""":""""NEWBED10"""""
264223,caldwellshirley@gmail.com,1592306894181826,1,1995.0,1,"""[{""""item_id"""":""""M_PREM_K"""""
286544,emily1326@gmail.com,1592530527822520,1,985.5,1,"""[{""""coupon"""":""""NEWBED10"""""
264439,williamsrichard56@hotmail.com,1592310341243343,1,1195.0,1,"""[{""""item_id"""":""""M_STAN_K"""""
279570,russelljason@gmail.com,1592486822066739,1,535.5,1,"""[{""""coupon"""":""""NEWBED10"""""
264365,lbeck@saunders.biz,1592309331935983,1,1095.0,1,"""[{""""item_id"""":""""M_PREM_T"""""
264510,hernandezchristina88@yahoo.com,1592311315359700,1,1045.0,1,"""[{""""item_id"""":""""M_STAN_Q"""""
306041,usheppard@yahoo.com,1592677223726467,1,535.5,1,"""[{""""coupon"""":""""NEWBED10"""""
289051,harriseric@gmail.com,1592568408636286,1,1075.5,1,"""[{""""coupon"""":""""NEWBED10"""""
264954,kevinsavage@gmail.com,1592316088030023,1,1045.0,1,"""[{""""item_id"""":""""M_STAN_Q"""""
265280,sschmidt@gmail.com,1592318809120694,1,1995.0,1,"""[{""""item_id"""":""""M_PREM_K"""""
291823,michaelbyrd@lynch.net,1592584352083239,2,642.6,2,"""[{""""coupon"""":""""NEWBED10"""""
287353,daniel12@lee.com,1592543131006104,1,940.5,1,"""[{""""coupon"""":""""NEWBED10"""""
286082,seanrogers@gmail.com,1592525454540373,1,985.5,1,"""[{""""coupon"""":""""NEWBED10"""""
299643,ricky89@hotmail.com,1592645438462703,1,1075.5,1,"""[{""""coupon"""":""""NEWBED10"""""
279915,osmith@webb-gardner.com,1592489395774463,2,2466.0,2,"""[{""""coupon"""":""""NEWBED10"""""
286557,stevebrown@gmail.com,1592530764201274,1,850.5,1,"""[{""""coupon"""":""""NEWBED10"""""
288347,sarahunter@taylor-villarreal.com,1592561081878902,1,850.5,1,"""[{""""coupon"""":""""NEWBED10"""""
291608,pwells@baker-walker.biz,1592583451187842,1,535.5,1,"""[{""""coupon"""":""""NEWBED10"""""
266634,joseph6367@hotmail.com,1592327571089272,1,945.0,1,"""[{""""item_id"""":""""M_STAN_F"""""
277257,medinalaura@williams.com,1592442491139176,1,940.5,1,"""[{""""coupon"""":""""NEWBED10"""""
299247,tharrison@gmail.com,1592640497577252,1,940.5,1,"""[{""""coupon"""":""""NEWBED10"""""
266651,dana84@stanley.org,1592327667504210,1,945.0,1,"""[{""""item_id"""":""""M_STAN_F"""""
266978,johnsonsherry5@hotmail.com,1592329520291582,1,1045.0,1,"""[{""""item_id"""":""""M_STAN_Q"""""
266689,hallkarl@caldwell.com,1592327851638769,1,1195.0,1,"""[{""""item_id"""":""""M_STAN_K"""""
267320,taylor32@hotmail.com,1592331402727998,1,119.0,1,"""[{""""item_id"""":""""P_DOWN_S"""""
267529,meganbailey16@hotmail.com,1592332626436285,1,1045.0,1,"""[{""""item_id"""":""""M_STAN_Q"""""
267606,michelle31@dixon-little.info,1592333060046343,1,595.0,1,"""[{""""item_id"""":""""M_STAN_T"""""
267173,yangjustin@gmail.com,1592330569296460,1,595.0,1,"""[{""""item_id"""":""""M_STAN_T"""""
267453,ellisaustin@perez.biz,1592332134140752,1,59.0,1,"""[{""""item_id"""":""""P_FOAM_S"""""
304926,flevine@burns-anderson.biz,1592673361220548,1,143.1,1,"""[{""""coupon"""":""""NEWBED10"""""
300181,adam28@pennington.com,1592650924101253,1,985.5,1,"""[{""""coupon"""":""""NEWBED10"""""
267776,batescharles@brown.com,1592334032625429,1,595.0,1,"""[{""""item_id"""":""""M_STAN_T"""""
267617,obaker61@yahoo.com,1592333154087406,1,1195.0,1,"""[{""""item_id"""":""""M_STAN_K"""""
299397,vcastillo@rivera.com,1592642523638093,1,940.5,1,"""[{""""coupon"""":""""NEWBED10"""""
268297,sethwilson@gibson.com,1592337317241063,1,595.0,1,"""[{""""item_id"""":""""M_STAN_T"""""
303194,terrijohnson@may.com,1592667042479608,1,1615.5,1,"""[{""""coupon"""":""""NEWBED10"""""
296541,browndevin@yahoo.com,1592606716889123,1,535.5,1,"""[{""""coupon"""":""""NEWBED10"""""
269465,sarahhall@clarke.biz,1592346305021662,1,1095.0,1,"""[{""""item_id"""":""""M_PREM_T"""""
269505,omclaughlin@alexander.com,1592346707157407,1,595.0,1,"""[{""""item_id"""":""""M_STAN_T"""""
288141,lisabyrd@shaw.com,1592558107725687,1,940.5,1,"""[{""""coupon"""":""""NEWBED10"""""
285275,flemingrandy@madden-salas.com,1592518862775255,1,1525.5,1,"""[{""""coupon"""":""""NEWBED10"""""
270168,timothywatson@jacobs.info,1592355706157878,1,1045.0,1,"""[{""""item_id"""":""""M_STAN_Q"""""
287181,julian13@meyer-griffith.info,1592540371223330,1,940.5,1,"""[{""""coupon"""":""""NEWBED10"""""
316201,novakkaren78@hotmail.com,1592752427666639,1,535.5,1,"""[{""""coupon"""":""""NEWBED10"""""
300388,kellykaren@cannon-delgado.com,1592652574967067,2,2466.0,2,"""[{""""coupon"""":""""NEWBED10"""""
270353,catherine14@briggs.com,1592360254036130,1,1995.0,1,"""[{""""item_id"""":""""M_PREM_K"""""
294806,xjenkins@vaughn-johnson.com,1592597328523511,1,940.5,1,"""[{""""coupon"""":""""NEWBED10"""""
285710,dannymartin@roman-wells.org,1592521871005917,1,1075.5,1,"""[{""""coupon"""":""""NEWBED10"""""
270718,mstephenson@smith.com,1592380486677223,1,1045.0,1,"""[{""""item_id"""":""""M_STAN_Q"""""
270909,rebekahsmith@taylor.com,1592388335380820,1,595.0,1,"""[{""""item_id"""":""""M_STAN_T"""""
271060,melissa18@callahan.com,1592392237315662,1,1045.0,1,"""[{""""item_id"""":""""M_STAN_Q"""""
301873,kimrachel@jones-bray.com,1592661659119601,1,940.5,1,"""[{""""coupon"""":""""NEWBED10"""""
271184,mcampbell@mitchell.biz,1592394394122298,1,1995.0,1,"""[{""""item_id"""":""""M_PREM_K"""""
312327,susan66@gmail.com,1592718003072624,1,940.5,1,"""[{""""coupon"""":""""NEWBED10"""""
300948,calderonrobert@perez.com,1592656537009813,1,535.5,1,"""[{""""coupon"""":""""NEWBED10"""""
309451,joel39@yahoo.com,1592691166716509,1,535.5,1,"""[{""""coupon"""":""""NEWBED10"""""
288632,braunlaura@sanford-conrad.com,1592564596830445,1,940.5,1,"""[{""""coupon"""":""""NEWBED10"""""
271930,jmartinez98@gmail.com,1592402749572848,1,1695.0,1,"""[{""""item_id"""":""""M_PREM_F"""""
271878,richardcrawford@gmail.com,1592402235089428,1,1045.0,1,"""[{""""item_id"""":""""M_STAN_Q"""""
286150,marygreer@durham.com,1592526051314875,1,1075.5,1,"""[{""""coupon"""":""""NEWBED10"""""
304329,gary00@hotmail.com,1592671345396168,1,1795.5,1,"""[{""""coupon"""":""""NEWBED10"""""
272259,dgriffin89@gmail.com,1592405692129085,1,595.0,1,"""[{""""item_id"""":""""M_STAN_T"""""
272478,christinabrown@yahoo.com,1592407293671050,2,1874.0,2,"""[{""""item_id"""":""""M_PREM_Q"""""
272726,jasmineryan@gmail.com,1592409025019329,2,1214.0,2,"""[{""""item_id"""":""""M_PREM_T"""""
272466,patrickmitchell@rice.com,1592407241724603,2,1890.0,1,"""[{""""item_id"""":""""M_STAN_F"""""
272386,conleydouglas@gmail.com,1592406613738559,1,159.0,1,"""[{""""item_id"""":""""P_DOWN_K"""""
293349,millerleslie44@yahoo.com,1592590973579959,1,535.5,1,"""[{""""coupon"""":""""NEWBED10"""""
294215,carolinesmith71@gmail.com,1592594682711897,1,940.5,1,"""[{""""coupon"""":""""NEWBED10"""""
291148,boydderek@yahoo.com,1592581441384581,2,1071.0,1,"""[{""""coupon"""":""""NEWBED10"""""
273042,patrick08@bell.com,1592411096114329,1,1045.0,1,"""[{""""item_id"""":""""M_STAN_Q"""""
293844,daniel26@pierce-weaver.org,1592593067243092,1,940.5,1,"""[{""""coupon"""":""""NEWBED10"""""
273437,hector55@anderson-boyd.com,1592413476966024,1,945.0,1,"""[{""""item_id"""":""""M_STAN_F"""""
282629,egross@schneider.info,1592504326744311,1,1615.5,1,"""[{""""coupon"""":""""NEWBED10"""""
272974,shawkylie@duran.biz,1592410743999717,1,595.0,1,"""[{""""item_id"""":""""M_STAN_T"""""
273644,elizabethberry@olson.com,1592414679940745,1,59.0,1,"""[{""""item_id"""":""""P_FOAM_S"""""
299376,rhondawebb@yahoo.com,1592642291741879,1,850.5,1,"""[{""""coupon"""":""""NEWBED10"""""
312883,ebauer17@hotmail.com,1592726652513596,1,535.5,1,"""[{""""coupon"""":""""NEWBED10"""""
306063,kiarahughes@hotmail.com,1592677295087766,1,940.5,1,"""[{""""coupon"""":""""NEWBED10"""""
313847,jasmineowens@mccarty-brown.biz,1592737516016742,1,940.5,1,"""[{""""coupon"""":""""NEWBED10"""""
300338,austin54@gmail.com,1592652174788828,1,940.5,1,"""[{""""coupon"""":""""NEWBED10"""""
309577,jgreen@beltran.net,1592691824307145,1,940.5,1,"""[{""""coupon"""":""""NEWBED10"""""
324272,katherine90@yahoo.com,1592797395102607,1,850.5,1,"""[{""""coupon"""":""""NEWBED10"""""
297808,sellerselizabeth@yahoo.com,1592617702424925,1,1795.5,1,"""[{""""coupon"""":""""NEWBED10"""""
273462,danielle8715@gmail.com,1592413608502614,2,1540.0,2,"""[{""""item_id"""":""""M_STAN_F"""""
273688,ryan19@day-byrd.com,1592415020186756,1,1195.0,1,"""[{""""item_id"""":""""M_STAN_K"""""
323056,qwilliamson23@hotmail.com,1592784148239310,2,588.6,2,"""[{""""coupon"""":""""NEWBED10"""""
320975,thomas9729@gmail.com,1592771878935632,1,940.5,1,"""[{""""coupon"""":""""NEWBED10"""""
274218,moodystephanie@brown.com,1592417995887195,1,1195.0,1,"""[{""""item_id"""":""""M_STAN_K"""""
274864,scotteric@dillon.com,1592421789561433,1,1195.0,1,"""[{""""item_id"""":""""M_STAN_K"""""
274769,wcharles@yahoo.com,1592421148949364,1,1795.0,1,"""[{""""item_id"""":""""M_PREM_Q"""""
306172,leelee@hotmail.com,1592677733976891,1,850.5,1,"""[{""""coupon"""":""""NEWBED10"""""
274396,osbornejason@gmail.com,1592419094634696,1,1195.0,1,"""[{""""item_id"""":""""M_STAN_K"""""
324454,wardandrew@gmail.com,1592800151067176,1,850.5,1,"""[{""""coupon"""":""""NEWBED10"""""
313976,david71@barrera.com,1592738763669975,1,1795.5,1,"""[{""""coupon"""":""""NEWBED10"""""
275674,xmiller13@gmail.com,1592426795854935,1,1195.0,1,"""[{""""item_id"""":""""M_STAN_K"""""
322997,jeannerobinson@brown.com,1592783659101127,1,1075.5,1,"""[{""""coupon"""":""""NEWBED10"""""
274850,tayloralicia79@hotmail.com,1592421671679279,1,1195.0,1,"""[{""""item_id"""":""""M_STAN_K"""""
275475,caroline81@yahoo.com,1592425416993386,1,595.0,1,"""[{""""item_id"""":""""M_STAN_T"""""
275898,brownalexa@rangel.com,1592428349325079,1,59.0,1,"""[{""""item_id"""":""""P_FOAM_S"""""
302237,robinsoncheryl@ellis.com,1592663218547842,1,535.5,1,"""[{""""coupon"""":""""NEWBED10"""""
275536,bkramer@dunlap-thomas.com,1592425850262907,1,1695.0,1,"""[{""""item_id"""":""""M_PREM_F"""""
275543,stricklandmichael@collins-hamilton.info,1592425885647226,1,119.0,1,"""[{""""item_id"""":""""P_DOWN_S"""""
275352,sabrina08@gmail.com,1592424572173467,1,945.0,1,"""[{""""item_id"""":""""M_STAN_F"""""
275766,arnolderica@hotmail.com,1592427490299826,1,595.0,1,"""[{""""item_id"""":""""M_STAN_T"""""
276040,evanskimberly@castillo-olson.com,1592429434418429,1,595.0,1,"""[{""""item_id"""":""""M_STAN_T"""""
297946,hancockmargaret@yahoo.com,1592619572603669,2,921.6,2,"""[{""""coupon"""":""""NEWBED10"""""
304871,rachaelgibson@yahoo.com,1592673162155988,2,588.6,2,"""[{""""coupon"""":""""NEWBED10"""""
323856,baileytammy@yahoo.com,1592791683347482,1,1075.5,1,"""[{""""coupon"""":""""NEWBED10"""""
276432,lwalker@york.com,1592432446168791,1,595.0,1,"""[{""""item_id"""":""""M_STAN_T"""""
276292,zmiller24@hotmail.com,1592431234174121,1,1695.0,1,"""[{""""item_id"""":""""M_PREM_F"""""
298538,uoconnor@yahoo.com,1592628414924615,1,1075.5,1,"""[{""""coupon"""":""""NEWBED10"""""
276919,wmartinez@yahoo.com,1592437641284082,1,1045.0,1,"""[{""""item_id"""":""""M_STAN_Q"""""
313163,alicemercado@velazquez.com,1592730478438734,1,535.5,1,"""[{""""coupon"""":""""NEWBED10"""""
277091,fraziernicholas@gmail.com,1592440050000776,3,3185.0,3,"""[{""""item_id"""":""""M_STAN_K"""""
276989,donnarollins@gmail.com,1592438615505460,1,945.0,1,"""[{""""item_id"""":""""M_STAN_F"""""
291974,christophermiller62@hotmail.com,1592585081303893,1,1615.5,1,"""[{""""coupon"""":""""NEWBED10"""""
279259,avilla@hotmail.com,1592483756141275,1,1045.0,1,"""[{""""item_id"""":""""M_STAN_Q"""""
312102,egaines53@yahoo.com,1592714268604277,1,535.5,1,"""[{""""coupon"""":""""NEWBED10"""""
279095,hbrown@vega-kelly.com,1592482048156193,1,1045.0,1,"""[{""""item_id"""":""""M_STAN_Q"""""
310584,briannagibbs@browning.com,1592698213827707,2,1071.0,1,"""[{""""coupon"""":""""NEWBED10"""""
280207,randy99@hernandez.com,1592491244781199,1,595.0,1,"""[{""""item_id"""":""""M_STAN_T"""""
279968,alfredwilliams@hotmail.com,1592489725841382,1,1195.0,1,"""[{""""item_id"""":""""M_STAN_K"""""
280144,frenchgabrielle@hotmail.com,1592490765364626,2,1540.0,2,"""[{""""item_id"""":""""M_STAN_T"""""
280035,daniellopez74@yahoo.com,1592490114530547,1,79.0,1,"""[{""""item_id"""":""""P_FOAM_K"""""
280314,vanderson@lee.com,1592491890489381,1,1095.0,1,"""[{""""item_id"""":""""M_PREM_T"""""
281291,johnstonkeith@yahoo.com,1592497381461065,1,945.0,1,"""[{""""item_id"""":""""M_STAN_F"""""
280518,calvinhart@yahoo.com,1592493152990430,2,754.0,2,"""[{""""item_id"""":""""M_STAN_T"""""
280720,hjames4@yahoo.com,1592494251502495,1,945.0,1,"""[{""""item_id"""":""""M_STAN_F"""""
315836,sally30@woodward-nichols.info,1592750629763075,3,1664.1,3,"""[{""""coupon"""":""""NEWBED10"""""
280350,ykelley@shaw.com,1592492109618055,1,945.0,1,"""[{""""item_id"""":""""M_STAN_F"""""
280758,watersmegan@davis.com,1592494509608286,1,945.0,1,"""[{""""item_id"""":""""M_STAN_F"""""
348029,laurie16@briggs.com,1592970004383587,1,850.5,1,"""[{""""coupon"""":""""NEWBED10"""""
280716,mcarpenter@hotmail.com,1592494239595555,1,1045.0,1,"""[{""""item_id"""":""""M_STAN_Q"""""
280776,enielsen@graham.net,1592494584241639,1,1995.0,1,"""[{""""item_id"""":""""M_PREM_K"""""
325154,millerkaren@durham.com,1592811462256631,1,535.5,1,"""[{""""coupon"""":""""NEWBED10"""""
322752,keithflynn@hotmail.com,1592781819354934,1,1615.5,1,"""[{""""coupon"""":""""NEWBED10"""""
280813,kathleenho@yahoo.com,1592494776611190,1,1045.0,1,"""[{""""item_id"""":""""M_STAN_Q"""""
312702,melissawalters@hotmail.com,1592723950139002,1,1615.5,1,"""[{""""coupon"""":""""NEWBED10"""""
290235,brittany74@yahoo.com,1592576672925354,1,53.1,1,"""[{""""coupon"""":""""NEWBED10"""""
336967,jeffrey4953@gmail.com,1592903329726669,2,588.6,2,"""[{""""coupon"""":""""NEWBED10"""""
313265,fieldsdustin@martin-anthony.info,1592731682251608,1,535.5,1,"""[{""""coupon"""":""""NEWBED10"""""
281266,kconrad@yahoo.com,1592497268710147,1,79.0,1,"""[{""""item_id"""":""""P_FOAM_K"""""
281565,kathleengraham@hotmail.com,1592498878172859,1,1695.0,1,"""[{""""item_id"""":""""M_PREM_F"""""
281189,brady17@gardner.com,1592496831556444,2,1190.0,1,"""[{""""item_id"""":""""M_STAN_T"""""
281588,vicki07@yahoo.com,1592498986408616,2,1104.0,2,"""[{""""item_id"""":""""M_STAN_Q"""""
281481,brittanythomas@best.info,1592498439132897,1,595.0,1,"""[{""""item_id"""":""""M_STAN_T"""""
281581,rachelmiller@hotmail.com,1592498967154220,1,79.0,1,"""[{""""item_id"""":""""P_FOAM_K"""""
337373,jeanette24@yahoo.com,1592908275317085,1,1075.5,1,"""[{""""coupon"""":""""NEWBED10"""""
282265,myersmichael@hotmail.com,1592502371547685,1,1195.0,1,"""[{""""item_id"""":""""M_STAN_K"""""
316846,joann48@hotmail.com,1592755344098502,1,1075.5,1,"""[{""""coupon"""":""""NEWBED10"""""
281843,paigeharris@gmail.com,1592500272290273,1,1195.0,1,"""[{""""item_id"""":""""M_STAN_K"""""
282616,kingdale@mendoza.info,1592504254892664,1,59.0,1,"""[{""""item_id"""":""""P_FOAM_S"""""
282708,andersonrobert@hughes-howard.com,1592504701038292,1,119.0,1,"""[{""""item_id"""":""""P_DOWN_S"""""
312732,staffordkiara@gmail.com,1592724504157319,1,107.10000000000001,1,"""[{""""coupon"""":""""NEWBED10"""""
295934,bschneider@koch.com,1592603081592478,1,850.5,1,"""[{""""coupon"""":""""NEWBED10"""""
302879,herickson@wood.com,1592665882730328,1,985.5,1,"""[{""""coupon"""":""""NEWBED10"""""
320781,kathy22@hotmail.com,1592771006386021,1,940.5,1,"""[{""""coupon"""":""""NEWBED10"""""
283196,aweber@nguyen.biz,1592507075263803,1,1045.0,1,"""[{""""item_id"""":""""M_STAN_Q"""""
322748,sawyerkayla@mclaughlin-meadows.com,1592781808039614,1,535.5,1,"""[{""""coupon"""":""""NEWBED10"""""
283619,simsdavid@reeves.net,1592509101239621,1,595.0,1,"""[{""""item_id"""":""""M_STAN_T"""""
298809,rkim14@gmail.com,1592633123514461,1,940.5,1,"""[{""""coupon"""":""""NEWBED10"""""
311093,nichole45@hotmail.com,1592702301240371,1,940.5,1,"""[{""""coupon"""":""""NEWBED10"""""
349299,dbentley@parker-tapia.net,1592986516535780,1,1525.5,1,"""[{""""coupon"""":""""NEWBED10"""""
283379,xklein@hotmail.com,1592508026820321,1,1195.0,1,"""[{""""item_id"""":""""M_STAN_K"""""
300709,elizabethcoleman@hotmail.com,1592654986661944,1,1795.5,1,"""[{""""coupon"""":""""NEWBED10"""""
284392,louispadilla@elliott-peterson.com,1592513156003377,1,1045.0,1,"""[{""""item_id"""":""""M_STAN_Q"""""
283817,harringtonwilliam@lawrence.info,1592510085009303,1,1195.0,1,"""[{""""item_id"""":""""M_STAN_K"""""
324688,alexanderjackson@williams-griffin.info,1592804023080073,1,850.5,1,"""[{""""coupon"""":""""NEWBED10"""""
323518,abarton@yahoo.com,1592788172059024,1,985.5,1,"""[{""""coupon"""":""""NEWBED10"""""
339812,kayla96@larsen.com,1592924622017185,3,2056.5,2,"""[{""""coupon"""":""""NEWBED10"""""
318549,tsmith@ibarra.com,1592762330746319,1,1075.5,1,"""[{""""coupon"""":""""NEWBED10"""""
284091,piercejoshua@yahoo.com,1592511453249867,1,945.0,1,"""[{""""item_id"""":""""M_STAN_F"""""
313628,tonyaholder@martinez.biz,1592735543245269,1,1075.5,1,"""[{""""coupon"""":""""NEWBED10"""""
284183,smontoya@robinson.com,1592511973669274,1,1195.0,1,"""[{""""item_id"""":""""M_STAN_K"""""
284388,barbara87@cole.info,1592513149209920,1,1995.0,1,"""[{""""item_id"""":""""M_PREM_K"""""
284485,oklein@kim-may.com,1592513649489908,1,1795.0,1,"""[{""""item_id"""":""""M_PREM_Q"""""
284962,allendeleon@yahoo.com,1592516571996209,1,1045.0,1,"""[{""""item_id"""":""""M_STAN_Q"""""
298465,scastaneda@mckee.com,1592627378989990,1,850.5,1,"""[{""""coupon"""":""""NEWBED10"""""
284706,petersbrianna@tanner.com,1592515062933406,1,595.0,1,"""[{""""item_id"""":""""M_STAN_T"""""
287371,sarah40@flores.info,1592543347685067,1,985.5,1,"""[{""""coupon"""":""""NEWBED10"""""
285039,gwilliams12@hotmail.com,1592517137363892,1,1795.0,1,"""[{""""item_id"""":""""M_PREM_Q"""""
285408,summersmichelle@padilla-farmer.net,1592519766202137,1,945.0,1,"""[{""""item_id"""":""""M_STAN_F"""""
285461,gjones51@hotmail.com,1592520124063942,1,1795.0,1,"""[{""""item_id"""":""""M_PREM_Q"""""
285469,kathleen946@yahoo.com,1592520183395711,1,1045.0,1,"""[{""""item_id"""":""""M_STAN_Q"""""
285972,cweeks@barrera.org,1592524248833422,1,595.0,1,"""[{""""item_id"""":""""M_STAN_T"""""
336220,mendozadavid@hotmail.com,1592893469684178,2,1611.0,2,"""[{""""coupon"""":""""NEWBED10"""""
316541,jonesrobert@peterson.com,1592754018409364,1,1075.5,1,"""[{""""coupon"""":""""NEWBED10"""""
286519,tammy14@evans.com,1592530304635327,2,1640.0,2,"""[{""""item_id"""":""""M_STAN_T"""""
286161,martinlarry@spencer-dougherty.org,1592526174228331,1,1195.0,1,"""[{""""item_id"""":""""M_STAN_K"""""
286857,brianna46@smith.net,1592534982402295,1,1045.0,1,"""[{""""item_id"""":""""M_STAN_Q"""""
337676,brownpam@rose-lewis.com,1592911064471848,1,1075.5,1,"""[{""""coupon"""":""""NEWBED10"""""
288158,monicawallace74@gmail.com,1592558498262484,2,1254.0,2,"""[{""""item_id"""":""""M_STAN_K"""""
315511,lrobertson@miller.com,1592749056184440,1,1075.5,1,"""[{""""coupon"""":""""NEWBED10"""""
314335,elizabeth728@gmail.com,1592741691113608,1,1075.5,1,"""[{""""coupon"""":""""NEWBED10"""""
323391,karen68@bullock-clark.net,1592787008940104,1,535.5,1,"""[{""""coupon"""":""""NEWBED10"""""
288434,marcusdawson@douglas-marshall.com,1592562110949689,1,595.0,1,"""[{""""item_id"""":""""M_STAN_T"""""
322826,nelsonkaren@stanley-hernandez.biz,1592782448658264,1,53.1,1,"""[{""""coupon"""":""""NEWBED10"""""
323670,knightmichelle@hotmail.com,1592789722306158,1,53.1,1,"""[{""""coupon"""":""""NEWBED10"""""
289741,ncooper@ruiz.com,1592573662278577,1,1195.0,1,"""[{""""item_id"""":""""M_STAN_K"""""
331912,mooremichael@garcia.org,1592856496974118,1,940.5,1,"""[{""""coupon"""":""""NEWBED10"""""
289395,zmathews@lopez.biz,1592571215467982,1,1045.0,1,"""[{""""item_id"""":""""M_STAN_Q"""""
301623,alexanderswanson@nichols.com,1592660344454582,1,1075.5,1,"""[{""""coupon"""":""""NEWBED10"""""
327001,terrancepalmer@gmail.com,1592831583023804,1,940.5,1,"""[{""""coupon"""":""""NEWBED10"""""
289277,kingsuzanne@mendez-greene.net,1592570283580996,1,595.0,1,"""[{""""item_id"""":""""M_STAN_T"""""
289587,fdavis10@gmail.com,1592572628842946,1,119.0,1,"""[{""""item_id"""":""""P_DOWN_S"""""
290388,tharris@murray-robinson.net,1592577523138610,1,945.0,1,"""[{""""item_id"""":""""M_STAN_F"""""
325037,cheyenne23@george.com,1592809486513389,1,1795.5,1,"""[{""""coupon"""":""""NEWBED10"""""
289653,steve88@bridges.com,1592573089444964,1,1045.0,1,"""[{""""item_id"""":""""M_STAN_Q"""""
290350,nmontgomery@aguilar-moon.com,1592577383162185,1,945.0,1,"""[{""""item_id"""":""""M_STAN_F"""""
327429,vickiecase@hotmail.com,1592834578524218,1,850.5,1,"""[{""""coupon"""":""""NEWBED10"""""
307386,shane90@robertson.com,1592682115071981,1,535.5,1,"""[{""""coupon"""":""""NEWBED10"""""
325919,brandy30@bradford.com,1592821971859541,1,535.5,1,"""[{""""coupon"""":""""NEWBED10"""""
326589,wcurtis@marshall.info,1592828525548638,2,1071.0,1,"""[{""""coupon"""":""""NEWBED10"""""
290922,ebennett@gmail.com,1592580389359116,1,595.0,1,"""[{""""item_id"""":""""M_STAN_T"""""
325354,james80@gray.com,1592814622637515,1,1525.5,1,"""[{""""coupon"""":""""NEWBED10"""""
291467,nford@stevens.com,1592582900200979,1,595.0,1,"""[{""""item_id"""":""""M_STAN_T"""""
291551,greenpatricia@bennett.org,1592583234998994,1,1045.0,1,"""[{""""item_id"""":""""M_STAN_Q"""""
290849,kristen98@miller-bush.com,1592580019049641,1,945.0,1,"""[{""""item_id"""":""""M_STAN_F"""""
291457,nicole7443@gmail.com,1592582822462306,1,59.0,1,"""[{""""item_id"""":""""P_FOAM_S"""""
291762,rcrawford@white.info,1592584118824756,1,945.0,1,"""[{""""item_id"""":""""M_STAN_F"""""
292364,andrea23@yahoo.com,1592586735315773,1,1045.0,1,"""[{""""item_id"""":""""M_STAN_Q"""""
291586,rickphillips@gmail.com,1592583368284802,1,1695.0,1,"""[{""""item_id"""":""""M_PREM_F"""""
292650,annhansen@kelly.com,1592588151187840,1,595.0,1,"""[{""""item_id"""":""""M_STAN_T"""""
293240,johnsonjoshua52@hotmail.com,1592590539320018,1,1095.0,1,"""[{""""item_id"""":""""M_PREM_T"""""
337486,sharonberry@gmail.com,1592909358370500,1,940.5,1,"""[{""""coupon"""":""""NEWBED10"""""
293087,christensenlinda@gmail.com,1592589946299964,1,1195.0,1,"""[{""""item_id"""":""""M_STAN_K"""""
292902,christy63@garcia.info,1592589195843004,1,1695.0,1,"""[{""""item_id"""":""""M_PREM_F"""""
325515,brian06@harrison-hart.com,1592816869536556,2,1071.0,1,"""[{""""coupon"""":""""NEWBED10"""""
292883,jgonzales@green-mcpherson.com,1592589077073101,1,595.0,1,"""[{""""item_id"""":""""M_STAN_T"""""
312384,castanedaemma@gmail.com,1592718955859024,1,1075.5,1,"""[{""""coupon"""":""""NEWBED10"""""
333693,mirandaball@yahoo.com,1592866027292933,2,903.6,2,"""[{""""coupon"""":""""NEWBED10"""""
337526,ybarnes@green.info,1592909794354954,1,940.5,1,"""[{""""coupon"""":""""NEWBED10"""""
351650,qreyes@yahoo.com,1593007401747645,1,71.10000000000001,1,"""[{""""coupon"""":""""NEWBED10"""""
294408,dsmith@watkins-macdonald.com,1592595507156908,1,1045.0,1,"""[{""""item_id"""":""""M_STAN_Q"""""
321141,hawkinsmichael@higgins.biz,1592772716652432,1,1075.5,1,"""[{""""coupon"""":""""NEWBED10"""""
335460,zachary49@turner.biz,1592882981671700,2,1071.0,1,"""[{""""coupon"""":""""NEWBED10"""""
337012,aatkinson@mcintyre.com,1592903856234990,1,535.5,1,"""[{""""coupon"""":""""NEWBED10"""""
338186,princejoshua@hotmail.com,1592915074188969,1,535.5,1,"""[{""""coupon"""":""""NEWBED10"""""
294825,smithrobert@johnson.com,1592597417027354,1,1195.0,1,"""[{""""item_id"""":""""M_STAN_K"""""
337714,davisnathaniel@hanson.com,1592911305906302,1,535.5,1,"""[{""""coupon"""":""""NEWBED10"""""
336208,mayerstephen@ray-curtis.com,1592893290140711,2,1971.0,1,"""[{""""coupon"""":""""NEWBED10"""""
315075,twilliams@hernandez.info,1592746630685628,1,535.5,1,"""[{""""coupon"""":""""NEWBED10"""""
337786,moorejill@howard-hamilton.com,1592911934469919,2,1182.6,2,"""[{""""coupon"""":""""NEWBED10"""""
329565,jennifer24@gordon.com,1592845733594500,1,1075.5,1,"""[{""""coupon"""":""""NEWBED10"""""
296154,jilljohnson78@gmail.com,1592604357080431,1,59.0,1,"""[{""""item_id"""":""""P_FOAM_S"""""
296113,lambstephanie@gmail.com,1592604151691344,1,595.0,1,"""[{""""item_id"""":""""M_STAN_T"""""
326545,wrightdavid@grant-johnson.com,1592828138579847,2,588.6,2,"""[{""""coupon"""":""""NEWBED10"""""
334891,sspencer@evans.biz,1592876045459716,1,1075.5,1,"""[{""""coupon"""":""""NEWBED10"""""
296480,madeline73@delgado.com,1592606270750843,1,1095.0,1,"""[{""""item_id"""":""""M_PREM_T"""""
335274,brooke82@gmail.com,1592880223801701,2,1146.6,2,"""[{""""coupon"""":""""NEWBED10"""""
296840,devans@gmail.com,1592608762463010,1,595.0,1,"""[{""""item_id"""":""""M_STAN_T"""""
296104,tcook@bryan.net,1592604093469616,2,1354.0,2,"""[{""""item_id"""":""""M_STAN_K"""""
295503,logandonald@hancock.com,1592600727365248,1,1045.0,1,"""[{""""item_id"""":""""M_STAN_Q"""""
296157,stevensonjulie@gmail.com,1592604371226651,1,1045.0,1,"""[{""""item_id"""":""""M_STAN_Q"""""
337171,angelica32@porter-cooper.info,1592905805416326,1,1075.5,1,"""[{""""coupon"""":""""NEWBED10"""""
296144,gphillips84@yahoo.com,1592604319828934,1,1795.0,1,"""[{""""item_id"""":""""M_PREM_Q"""""
323625,perezwayne@kelly.info,1592789237450477,1,1795.5,1,"""[{""""coupon"""":""""NEWBED10"""""
296920,zacharymiller@sanchez.com,1592609304727418,1,1045.0,1,"""[{""""item_id"""":""""M_STAN_Q"""""
297000,matthew43@neal.com,1592610025603107,1,1195.0,1,"""[{""""item_id"""":""""M_STAN_K"""""
326399,ijones39@gmail.com,1592826732847048,1,850.5,1,"""[{""""coupon"""":""""NEWBED10"""""
297206,angelaacevedo@yahoo.com,1592611635356152,1,1795.0,1,"""[{""""item_id"""":""""M_PREM_Q"""""
297707,erinroberson@gmail.com,1592616319171188,1,1195.0,1,"""[{""""item_id"""":""""M_STAN_K"""""
338351,johnburgess@henry.com,1592916381968356,1,1795.5,1,"""[{""""coupon"""":""""NEWBED10"""""
336107,hughesdale@gonzalez-caldwell.com,1592891731494339,1,535.5,1,"""[{""""coupon"""":""""NEWBED10"""""
297671,jayolsen@gmail.com,1592615950271540,1,945.0,1,"""[{""""item_id"""":""""M_STAN_F"""""
335402,katie99@hotmail.com,1592882076957685,1,1795.5,1,"""[{""""coupon"""":""""NEWBED10"""""
297501,leesherry@yahoo.com,1592614312761942,1,1045.0,1,"""[{""""item_id"""":""""M_STAN_Q"""""
324603,michaelthompson@flores.com,1592802688212329,1,940.5,1,"""[{""""coupon"""":""""NEWBED10"""""
333810,wuchristy@hotmail.com,1592866788576923,1,535.5,1,"""[{""""coupon"""":""""NEWBED10"""""
298015,david57@hill.com,1592620396363412,1,595.0,1,"""[{""""item_id"""":""""M_STAN_T"""""
299372,richardkey@gmail.com,1592642212035012,1,1795.0,1,"""[{""""item_id"""":""""M_PREM_Q"""""
300507,jacob29@allison-simon.com,1592653553007359,1,595.0,1,"""[{""""item_id"""":""""M_STAN_T"""""
327527,manuel07@hotmail.com,1592835159869443,1,850.5,1,"""[{""""coupon"""":""""NEWBED10"""""
300636,aevans@velazquez.org,1592654461728958,1,1045.0,1,"""[{""""item_id"""":""""M_STAN_Q"""""
335495,fwebb@barnes.com,1592883456423552,1,940.5,1,"""[{""""coupon"""":""""NEWBED10"""""
300991,qshepherd@hansen.com,1592656703611185,1,1195.0,1,"""[{""""item_id"""":""""M_STAN_K"""""
332396,vasquezmicheal@morrison-russell.biz,1592858750467930,1,1795.5,1,"""[{""""coupon"""":""""NEWBED10"""""
300946,gabriella74@stout.com,1592656531816789,1,1195.0,1,"""[{""""item_id"""":""""M_STAN_K"""""
301030,danielle05@hotmail.com,1592656938830810,1,595.0,1,"""[{""""item_id"""":""""M_STAN_T"""""
338024,alexandra33@flores.info,1592913857003593,2,1047.6,2,"""[{""""coupon"""":""""NEWBED10"""""
301383,oconley@hotmail.com,1592659010491568,1,595.0,1,"""[{""""item_id"""":""""M_STAN_T"""""
301728,nbecker55@hotmail.com,1592660931310803,1,595.0,1,"""[{""""item_id"""":""""M_STAN_T"""""
346249,qthomas@norman.net,1592954036024511,1,1795.5,1,"""[{""""coupon"""":""""NEWBED10"""""
341687,leeteresa@schroeder-vasquez.biz,1592932808566799,1,53.1,1,"""[{""""coupon"""":""""NEWBED10"""""
333988,michael42@evans-houston.com,1592868162827364,1,850.5,1,"""[{""""coupon"""":""""NEWBED10"""""
335716,lgolden@scott.net,1592886428255041,1,985.5,1,"""[{""""coupon"""":""""NEWBED10"""""
324993,woodmichael@hotmail.com,1592808758191177,1,535.5,1,"""[{""""coupon"""":""""NEWBED10"""""
302531,wilsonmelissa@bailey-lambert.com,1592664405038761,2,2290.0,2,"""[{""""item_id"""":""""M_PREM_F"""""
339080,michael4756@hotmail.com,1592920871698924,1,940.5,1,"""[{""""coupon"""":""""NEWBED10"""""
301675,alexanderangela@mathews-meyer.com,1592660621443905,1,595.0,1,"""[{""""item_id"""":""""M_STAN_T"""""
324886,peter70@yahoo.com,1592807049939406,2,1071.0,1,"""[{""""coupon"""":""""NEWBED10"""""
302074,briansharp@leon.com,1592662494373072,1,1195.0,1,"""[{""""item_id"""":""""M_STAN_K"""""
349828,mary9483@gmail.com,1592993125798170,1,940.5,1,"""[{""""coupon"""":""""NEWBED10"""""
302521,wsmith95@gmail.com,1592664363330079,1,595.0,1,"""[{""""item_id"""":""""M_STAN_T"""""
352014,lopezbrian@gmail.com,1593009580770790,1,535.5,1,"""[{""""coupon"""":""""NEWBED10"""""
302228,whitney39@marshall-barnett.info,1592663170496105,1,1045.0,1,"""[{""""item_id"""":""""M_STAN_Q"""""
359400,trevormaldonado@gmail.com,1593050375463314,1,535.5,1,"""[{""""coupon"""":""""NEWBED10"""""
329466,moyerdawn@yahoo.com,1592845339708106,1,535.5,1,"""[{""""coupon"""":""""NEWBED10"""""
370683,robert83@proctor-johnston.com,1593140728815760,1,1615.5,1,"""[{""""coupon"""":""""NEWBED10"""""
302601,angelajones58@gmail.com,1592664670112982,1,595.0,1,"""[{""""item_id"""":""""M_STAN_T"""""
327097,qrodriguez@davis.info,1592832283689155,1,535.5,1,"""[{""""coupon"""":""""NEWBED10"""""
302965,ariaskimberly@gmail.com,1592666205959968,1,595.0,1,"""[{""""item_id"""":""""M_STAN_T"""""
302944,kelleymelissa@gmail.com,1592666140091748,1,1195.0,1,"""[{""""item_id"""":""""M_STAN_K"""""
303998,traceykelly@cook.com,1592670056089423,1,1995.0,1,"""[{""""item_id"""":""""M_PREM_K"""""
333406,ksingh84@hotmail.com,1592864157995413,1,850.5,1,"""[{""""coupon"""":""""NEWBED10"""""
304482,jeffrey18@monroe-krueger.biz,1592671835182561,1,1045.0,1,"""[{""""item_id"""":""""M_STAN_Q"""""
327413,jillian37@yahoo.com,1592834472374415,1,985.5,1,"""[{""""coupon"""":""""NEWBED10"""""
304536,vclarke@yahoo.com,1592672031080866,1,945.0,1,"""[{""""item_id"""":""""M_STAN_F"""""
304184,stefanieharding@yahoo.com,1592670838460588,1,945.0,1,"""[{""""item_id"""":""""M_STAN_F"""""
344612,teresaharmon@yahoo.com,1592945301725305,1,1795.5,1,"""[{""""coupon"""":""""NEWBED10"""""
303792,robertwilliams@kelly-long.com,1592669277302393,1,1045.0,1,"""[{""""item_id"""":""""M_STAN_Q"""""
339101,ncox@daniel.com,1592921025148032,1,940.5,1,"""[{""""coupon"""":""""NEWBED10"""""
303844,hodgeanna@gmail.com,1592669473363346,1,59.0,1,"""[{""""item_id"""":""""P_FOAM_S"""""
303802,marymorris@bailey-ray.org,1592669310787499,1,945.0,1,"""[{""""item_id"""":""""M_STAN_F"""""
304496,stephanieramirez65@hotmail.com,1592671898623227,1,1195.0,1,"""[{""""item_id"""":""""M_STAN_K"""""
304390,lnavarro@garza-anderson.info,1592671511951478,1,1795.0,1,"""[{""""item_id"""":""""M_PREM_Q"""""
346142,josesharp@gmail.com,1592953405979448,1,1075.5,1,"""[{""""coupon"""":""""NEWBED10"""""
304581,riveraaaron45@yahoo.com,1592672189703557,1,945.0,1,"""[{""""item_id"""":""""M_STAN_F"""""
305307,adambrandt@lewis-sparks.com,1592674775862462,1,945.0,1,"""[{""""item_id"""":""""M_STAN_F"""""
332351,kacevedo@morgan-robinson.com,1592858462007667,1,1525.5,1,"""[{""""coupon"""":""""NEWBED10"""""
304409,vramirez@phillips.biz,1592671569042613,1,595.0,1,"""[{""""item_id"""":""""M_STAN_T"""""
305594,carpenterchristopher@barber.com,1592675709481864,1,1795.0,1,"""[{""""item_id"""":""""M_PREM_Q"""""
358238,smerritt44@yahoo.com,1593039909930317,1,1075.5,1,"""[{""""coupon"""":""""NEWBED10"""""
304573,jacob60@ross-andrews.com,1592672150900406,1,1095.0,1,"""[{""""item_id"""":""""M_PREM_T"""""
361069,escobarbenjamin@gordon-owen.biz,1593073899849587,1,535.5,1,"""[{""""coupon"""":""""NEWBED10"""""
346084,cboyd@cox.com,1592953081366258,1,535.5,1,"""[{""""coupon"""":""""NEWBED10"""""
347571,coreydavis@gmail.com,1592965021205265,2,588.6,2,"""[{""""coupon"""":""""NEWBED10"""""
305083,cschroeder@hotmail.com,1592673959119039,1,1195.0,1,"""[{""""item_id"""":""""M_STAN_K"""""
357540,ywelch@richard-savage.com,1593035674582088,1,535.5,1,"""[{""""coupon"""":""""NEWBED10"""""
353381,chelsey77@gmail.com,1593016249962475,1,1615.5,1,"""[{""""coupon"""":""""NEWBED10"""""
348696,morgancindy@kemp.com,1592978523877970,1,940.5,1,"""[{""""coupon"""":""""NEWBED10"""""
331220,stacydavis@yahoo.com,1592853351579468,1,985.5,1,"""[{""""coupon"""":""""NEWBED10"""""
307030,hancockstephen@yahoo.com,1592680780078869,2,654.0,2,"""[{""""item_id"""":""""M_STAN_T"""""
336246,christensenjamie@martin-navarro.com,1592893786971630,1,535.5,1,"""[{""""coupon"""":""""NEWBED10"""""
306964,agreen35@gmail.com,1592680526593557,1,1095.0,1,"""[{""""item_id"""":""""M_PREM_T"""""
306035,ksmith@peterson.com,1592677207407878,1,59.0,1,"""[{""""item_id"""":""""P_FOAM_S"""""
362351,christopherhogan@gmail.com,1593087437767656,1,535.5,1,"""[{""""coupon"""":""""NEWBED10"""""
338960,angelstewart@hotmail.com,1592920201798283,1,940.5,1,"""[{""""coupon"""":""""NEWBED10"""""
307079,kylebean@weeks-griffin.com,1592680942257001,1,1195.0,1,"""[{""""item_id"""":""""M_STAN_K"""""
341801,justin15@gmail.com,1592933208834764,2,588.6,2,"""[{""""coupon"""":""""NEWBED10"""""
307459,jdavis@lawrence-morales.net,1592682416691958,1,59.0,1,"""[{""""item_id"""":""""P_FOAM_S"""""
307361,brenda0190@yahoo.com,1592682016564205,1,595.0,1,"""[{""""item_id"""":""""M_STAN_T"""""
341499,opope@hansen.info,1592932100453143,2,1386.0,2,"""[{""""coupon"""":""""NEWBED10"""""
307654,davisdebra3@yahoo.com,1592683222322780,1,595.0,1,"""[{""""item_id"""":""""M_STAN_T"""""
308584,irangel@miller.com,1592686885944323,1,59.0,1,"""[{""""item_id"""":""""P_FOAM_S"""""
349103,claysteven@hotmail.com,1592984034150201,2,1182.6,2,"""[{""""coupon"""":""""NEWBED10"""""
308185,ttodd@carter.com,1592685358360705,1,1045.0,1,"""[{""""item_id"""":""""M_STAN_Q"""""
308138,harveyjuan@hotmail.com,1592685172932110,1,59.0,1,"""[{""""item_id"""":""""P_FOAM_S"""""
334581,fitzpatrickmargaret@travis.info,1592873149178846,1,985.5,1,"""[{""""coupon"""":""""NEWBED10"""""
308485,joshuapatterson@wright.com,1592686475748910,1,1045.0,1,"""[{""""item_id"""":""""M_STAN_Q"""""
308572,barry03@yahoo.com,1592686841414838,1,595.0,1,"""[{""""item_id"""":""""M_STAN_T"""""
309163,melissalarson@cardenas.com,1592689762388089,1,1045.0,1,"""[{""""item_id"""":""""M_STAN_Q"""""
308458,michelle85@buchanan-cabrera.net,1592686359776833,1,595.0,1,"""[{""""item_id"""":""""M_STAN_T"""""
308738,diazmaria84@hotmail.com,1592687620589845,1,595.0,1,"""[{""""item_id"""":""""M_STAN_T"""""
308794,ograham@herman.com,1592687879587102,1,945.0,1,"""[{""""item_id"""":""""M_STAN_F"""""
337764,brandon84@gmail.com,1592911789379536,1,1795.5,1,"""[{""""coupon"""":""""NEWBED10"""""
309574,reginald50@yahoo.com,1592691801181140,1,1195.0,1,"""[{""""item_id"""":""""M_STAN_K"""""
348098,andre34@williams.com,1592970788993088,1,940.5,1,"""[{""""coupon"""":""""NEWBED10"""""
347694,benjaminbutler@gmail.com,1592966276308090,1,535.5,1,"""[{""""coupon"""":""""NEWBED10"""""
309301,rhawkins@cook.org,1592690424525263,1,1045.0,1,"""[{""""item_id"""":""""M_STAN_Q"""""
338443,delgadoralph@young-sawyer.info,1592917064098244,1,1075.5,1,"""[{""""coupon"""":""""NEWBED10"""""
309689,csoto@fitzpatrick-adams.info,1592692514634640,2,1190.0,1,"""[{""""item_id"""":""""M_STAN_T"""""
309686,brittanyedwards@hotmail.com,1592692495655997,1,945.0,1,"""[{""""item_id"""":""""M_STAN_F"""""
310002,deanna14@gmail.com,1592694381118920,2,1204.0,2,"""[{""""item_id"""":""""M_STAN_Q"""""
310133,anna08@gmail.com,1592695243803625,1,1795.0,1,"""[{""""item_id"""":""""M_PREM_Q"""""
310072,silvajesse@hotmail.com,1592694882537817,1,1195.0,1,"""[{""""item_id"""":""""M_STAN_K"""""
340698,martinezcrystal@yahoo.com,1592928558244132,1,1075.5,1,"""[{""""coupon"""":""""NEWBED10"""""
330668,brittanyprice@gardner.info,1592850575528507,1,1615.5,1,"""[{""""coupon"""":""""NEWBED10"""""
310214,rebecca15@barry.com,1592695695455476,1,1195.0,1,"""[{""""item_id"""":""""M_STAN_K"""""
346342,ryan71@turner-anderson.org,1592954720200078,1,1075.5,1,"""[{""""coupon"""":""""NEWBED10"""""
310137,npowell@rose-grant.net,1592695253755482,1,1045.0,1,"""[{""""item_id"""":""""M_STAN_Q"""""
310427,muellerdavid@williams.com,1592697103472800,1,1045.0,1,"""[{""""item_id"""":""""M_STAN_Q"""""
361158,qbaldwin60@hotmail.com,1593075246212249,1,1075.5,1,"""[{""""coupon"""":""""NEWBED10"""""
355205,gregory11@phillips-oliver.com,1593024169775528,1,535.5,1,"""[{""""coupon"""":""""NEWBED10"""""
310563,javierbriggs@hotmail.com,1592698078800258,2,2840.0,2,"""[{""""item_id"""":""""M_STAN_Q"""""
349743,danayoung@smith.com,1592992173764090,1,535.5,1,"""[{""""coupon"""":""""NEWBED10"""""
311232,sarawilliams16@yahoo.com,1592703604597710,1,595.0,1,"""[{""""item_id"""":""""M_STAN_T"""""
368058,hopkinssharon@bautista-frost.org,1593118471188711,3,2776.5,3,"""[{""""coupon"""":""""NEWBED10"""""
313295,garrisongary@williams.com,1592731998666082,1,595.0,1,"""[{""""item_id"""":""""M_STAN_T"""""
314000,brownshelby95@yahoo.com,1592738956856459,1,1195.0,1,"""[{""""item_id"""":""""M_STAN_K"""""
313665,gbrown25@hotmail.com,1592735902449800,1,595.0,1,"""[{""""item_id"""":""""M_STAN_T"""""
340057,darryl67@yahoo.com,1592925730664979,1,850.5,1,"""[{""""coupon"""":""""NEWBED10"""""
314247,maria6811@yahoo.com,1592741164108820,1,595.0,1,"""[{""""item_id"""":""""M_STAN_T"""""
362598,ggarcia57@yahoo.com,1593089380181636,2,1926.0,2,"""[{""""coupon"""":""""NEWBED10"""""
314552,austinjohnston@yahoo.com,1592743473893366,1,595.0,1,"""[{""""item_id"""":""""M_STAN_T"""""
350065,aevans78@hotmail.com,1592995582517092,1,850.5,1,"""[{""""coupon"""":""""NEWBED10"""""
315532,gcrawford31@yahoo.com,1592749150098664,4,2954.0,4,"""[{""""item_id"""":""""M_STAN_T"""""
314699,nstephens@gmail.com,1592744389921784,1,1795.0,1,"""[{""""item_id"""":""""M_PREM_Q"""""
314946,lisa44@yahoo.com,1592745822380051,1,1045.0,1,"""[{""""item_id"""":""""M_STAN_Q"""""
365432,beth0773@gmail.com,1593105422634510,1,535.5,1,"""[{""""coupon"""":""""NEWBED10"""""
349237,thomashansen@diaz.biz,1592985582764145,1,535.5,1,"""[{""""coupon"""":""""NEWBED10"""""
316497,jduke@yahoo.com,1592753803363546,1,1195.0,1,"""[{""""item_id"""":""""M_STAN_K"""""
360574,mary384@yahoo.com,1593066607015231,1,1525.5,1,"""[{""""coupon"""":""""NEWBED10"""""
315871,lawsonbrian@gmail.com,1592750858873120,2,1790.0,2,"""[{""""item_id"""":""""M_STAN_K"""""
316117,nataliehill@gmail.com,1592752011698627,1,1045.0,1,"""[{""""item_id"""":""""M_STAN_Q"""""
349813,tracy7834@gmail.com,1592992990080452,1,1075.5,1,"""[{""""coupon"""":""""NEWBED10"""""
340743,benjaminbarr@gmail.com,1592928774188439,2,1881.0,1,"""[{""""coupon"""":""""NEWBED10"""""
352171,sarawright@hotmail.com,1593010441326312,2,2016.0,2,"""[{""""coupon"""":""""NEWBED10"""""
316747,gschultz@gmail.com,1592754903477080,1,595.0,1,"""[{""""item_id"""":""""M_STAN_T"""""
360846,stephanie6023@gmail.com,1593070716750994,1,535.5,1,"""[{""""coupon"""":""""NEWBED10"""""
316223,nortondaniel@gmail.com,1592752522131175,1,119.0,1,"""[{""""item_id"""":""""P_DOWN_S"""""
317087,fmorgan19@hotmail.com,1592756396127166,1,1195.0,1,"""[{""""item_id"""":""""M_STAN_K"""""
363260,timothy64@grant-carter.info,1593093770411537,2,1386.0,2,"""[{""""coupon"""":""""NEWBED10"""""
317126,hermancody@ferguson.info,1592756549407182,1,1095.0,1,"""[{""""item_id"""":""""M_PREM_T"""""
317193,teresa73@gmail.com,1592756846326559,1,1795.0,1,"""[{""""item_id"""":""""M_PREM_Q"""""
365691,cathy66@yahoo.com,1593106636762626,1,535.5,1,"""[{""""coupon"""":""""NEWBED10"""""
318750,ucline@ross-alexander.com,1592763047389424,1,1195.0,1,"""[{""""item_id"""":""""M_STAN_K"""""
335378,amanda1885@yahoo.com,1592881817688088,1,850.5,1,"""[{""""coupon"""":""""NEWBED10"""""
318180,stewartlinda@hotmail.com,1592760948060501,1,1995.0,1,"""[{""""item_id"""":""""M_PREM_K"""""
348808,michaelmoreno@steele-knight.com,1592979938106102,1,850.5,1,"""[{""""coupon"""":""""NEWBED10"""""
317934,joneskevin@walls.com,1592760018300749,1,595.0,1,"""[{""""item_id"""":""""M_STAN_T"""""
360250,jerrywatts@smith-morris.org,1593061684772195,2,993.6,2,"""[{""""coupon"""":""""NEWBED10"""""
319181,mayjoshua@nguyen.com,1592764647856681,1,1195.0,1,"""[{""""item_id"""":""""M_STAN_K"""""
318278,kmclean44@hotmail.com,1592761249022492,2,2140.0,2,"""[{""""item_id"""":""""M_STAN_F"""""
359781,bryanmiller@duncan.com,1593054895906411,1,53.1,1,"""[{""""coupon"""":""""NEWBED10"""""
318443,hubbardtiffany@garcia-summers.biz,1592761888962488,1,1045.0,1,"""[{""""item_id"""":""""M_STAN_Q"""""
368822,wfisher27@hotmail.com,1593122953904329,1,1075.5,1,"""[{""""coupon"""":""""NEWBED10"""""
319479,stokeswanda@small.com,1592765731517640,1,595.0,1,"""[{""""item_id"""":""""M_STAN_T"""""
356840,morrownicole@gmail.com,1593031772401338,1,940.5,1,"""[{""""coupon"""":""""NEWBED10"""""
318525,jenningsshannon@hotmail.com,1592762231759135,1,595.0,1,"""[{""""item_id"""":""""M_STAN_T"""""
358457,bmoore@sutton.com,1593041471011074,1,535.5,1,"""[{""""coupon"""":""""NEWBED10"""""
319105,melissamitchell@bradley-peters.com,1592764379869066,1,1045.0,1,"""[{""""item_id"""":""""M_STAN_Q"""""
318532,catherinestevens@gmail.com,1592762275820109,1,1195.0,1,"""[{""""item_id"""":""""M_STAN_K"""""
318844,vholt@hotmail.com,1592763413116232,1,1995.0,1,"""[{""""item_id"""":""""M_PREM_K"""""
344394,elainesmith@yahoo.com,1592944157831058,1,1795.5,1,"""[{""""coupon"""":""""NEWBED10"""""
344843,amanda7973@yahoo.com,1592946408361903,1,535.5,1,"""[{""""coupon"""":""""NEWBED10"""""
319059,rebeccaalvarado@ewing.com,1592764218619504,1,1795.0,1,"""[{""""item_id"""":""""M_PREM_Q"""""
349169,martinkimberly@flores-carpenter.com,1592984903626885,1,1795.5,1,"""[{""""coupon"""":""""NEWBED10"""""
362035,william09@johnson.org,1593085163452972,1,143.1,1,"""[{""""coupon"""":""""NEWBED10"""""
362535,drew13@hall.com,1593088907680999,2,1521.0,2,"""[{""""coupon"""":""""NEWBED10"""""
320112,gbarnes14@yahoo.com,1592768323579412,1,1045.0,1,"""[{""""item_id"""":""""M_STAN_Q"""""
319850,ovega@raymond.com,1592767254272231,1,595.0,1,"""[{""""item_id"""":""""M_STAN_T"""""
319338,karennolan@gmail.com,1592765243809770,1,1095.0,1,"""[{""""item_id"""":""""M_PREM_T"""""
320483,ymiller85@yahoo.com,1592769796541874,1,1195.0,1,"""[{""""item_id"""":""""M_STAN_K"""""
362443,cindy62@hotmail.com,1593088207685216,1,940.5,1,"""[{""""coupon"""":""""NEWBED10"""""
319639,powellscott@george.org,1592766370351867,1,1995.0,1,"""[{""""item_id"""":""""M_PREM_K"""""
320859,brittany43@martin-hughes.com,1592771410725477,1,1195.0,1,"""[{""""item_id"""":""""M_STAN_K"""""
320308,shannongray@hotmail.com,1592769125546424,1,595.0,1,"""[{""""item_id"""":""""M_STAN_T"""""
362296,bmartinez@yahoo.com,1593087023121773,1,535.5,1,"""[{""""coupon"""":""""NEWBED10"""""
320185,rileypatricia@hotmail.com,1592768663926384,1,945.0,1,"""[{""""item_id"""":""""M_STAN_F"""""
346204,castrophilip@bernard-morales.com,1592953753977389,1,1075.5,1,"""[{""""coupon"""":""""NEWBED10"""""
352251,brownmichelle@juarez.com,1593010829826048,1,850.5,1,"""[{""""coupon"""":""""NEWBED10"""""
321246,rivasstephen@webb.com,1592773281295504,1,595.0,1,"""[{""""item_id"""":""""M_STAN_T"""""
320618,anthony35@evans-jacobs.com,1592770362916331,1,1045.0,1,"""[{""""item_id"""":""""M_STAN_Q"""""
349886,charlesbailey@holmes.net,1592993723427197,1,985.5,1,"""[{""""coupon"""":""""NEWBED10"""""
320539,andersonmatthew46@gmail.com,1592770009243585,1,1045.0,1,"""[{""""item_id"""":""""M_STAN_Q"""""
321299,ricardoadams@yahoo.com,1592773515034639,2,1104.0,2,"""[{""""item_id"""":""""M_STAN_Q"""""
363566,todd58@villanueva.info,1593095685232068,1,1075.5,1,"""[{""""coupon"""":""""NEWBED10"""""
321451,jessicagarcia@scott.net,1592774164171224,1,945.0,1,"""[{""""item_id"""":""""M_STAN_F"""""
321340,rfischer@mcneil.com,1592773687937967,1,595.0,1,"""[{""""item_id"""":""""M_STAN_T"""""
349543,wmoore@sloan.info,1592989755402806,1,940.5,1,"""[{""""coupon"""":""""NEWBED10"""""
321904,summersdavid@hotmail.com,1592776471749608,1,1995.0,1,"""[{""""item_id"""":""""M_PREM_K"""""
362062,angel09@yahoo.com,1593085352258534,1,850.5,1,"""[{""""coupon"""":""""NEWBED10"""""
322319,yangjonathan@hotmail.com,1592779035227714,1,945.0,1,"""[{""""item_id"""":""""M_STAN_F"""""
350532,santiagoshane@yahoo.com,1592999976063760,1,940.5,1,"""[{""""coupon"""":""""NEWBED10"""""
355253,acunningham@braun.info,1593024369079819,1,940.5,1,"""[{""""coupon"""":""""NEWBED10"""""
351285,nathaniel68@yahoo.com,1593005189500718,2,2736.0,2,"""[{""""coupon"""":""""NEWBED10"""""
348449,christineholloway@mathis.com,1592975357302899,1,1795.5,1,"""[{""""coupon"""":""""NEWBED10"""""
357602,ythompson@price-jackson.biz,1593035985685247,1,1525.5,1,"""[{""""coupon"""":""""NEWBED10"""""
322304,veronica42@gmail.com,1592778924537675,1,595.0,1,"""[{""""item_id"""":""""M_STAN_T"""""
357729,smartinez@hayes.com,1593036755068371,1,940.5,1,"""[{""""coupon"""":""""NEWBED10"""""
322850,wardjessica@gmail.com,1592782576913352,1,1195.0,1,"""[{""""item_id"""":""""M_STAN_K"""""
322578,scottmcfarland@andrews.info,1592780622634971,1,1045.0,1,"""[{""""item_id"""":""""M_STAN_Q"""""
349137,skelly3@hotmail.com,1592984481417200,1,850.5,1,"""[{""""coupon"""":""""NEWBED10"""""
323467,richarddavis82@hotmail.com,1592787604693142,1,1045.0,1,"""[{""""item_id"""":""""M_STAN_Q"""""
324071,newmankimberly@lee.net,1592794544652614,1,79.0,1,"""[{""""item_id"""":""""P_FOAM_K"""""
361153,ashleyallen@hotmail.com,1593075222499357,1,940.5,1,"""[{""""coupon"""":""""NEWBED10"""""
371520,woodsjessica@yahoo.com,1593153956119398,1,1525.5,1,"""[{""""coupon"""":""""NEWBED10"""""
370064,williamtran@gmail.com,1593133273008250,1,1525.5,1,"""[{""""coupon"""":""""NEWBED10"""""
326248,igarcia92@gmail.com,1592825445240483,1,1045.0,1,"""[{""""item_id"""":""""M_STAN_Q"""""
360735,oburton@gordon.com,1593068887400990,1,1075.5,1,"""[{""""coupon"""":""""NEWBED10"""""
327005,jeffreytorres80@hotmail.com,1592831599400630,1,1045.0,1,"""[{""""item_id"""":""""M_STAN_Q"""""
381522,hnelson@crosby-williams.com,1593229524083603,1,985.5,1,"""[{""""coupon"""":""""NEWBED10"""""
327040,david2526@hotmail.com,1592831908364043,1,1045.0,1,"""[{""""item_id"""":""""M_STAN_Q"""""
326752,genekeller@mullins.com,1592829775752513,1,850.5,1,"""[{""""coupon"""":""""NEWBED10"""""
327362,dennis53@sanders.biz,1592834155640151,1,595.0,1,"""[{""""item_id"""":""""M_STAN_T"""""
360381,gromero@macias-holland.net,1593063881166955,1,1525.5,1,"""[{""""coupon"""":""""NEWBED10"""""
383083,wagnermargaret@murphy-stephens.org,1593253317153957,1,1615.5,1,"""[{""""coupon"""":""""NEWBED10"""""
327873,jeremyarmstrong@holder.info,1592837179494062,1,595.0,1,"""[{""""item_id"""":""""M_STAN_T"""""
327525,richard3554@hotmail.com,1592835151298129,1,1045.0,1,"""[{""""item_id"""":""""M_STAN_Q"""""
327986,gregorysarah@harvey.com,1592837823353551,1,945.0,1,"""[{""""item_id"""":""""M_STAN_F"""""
327876,wmartin@melton.com,1592837197771713,1,1195.0,1,"""[{""""item_id"""":""""M_STAN_K"""""
380803,florespamela@yahoo.com,1593220034785811,1,535.5,1,"""[{""""coupon"""":""""NEWBED10"""""
328775,martinezmark94@gmail.com,1592841968141389,1,1195.0,1,"""[{""""item_id"""":""""M_STAN_K"""""
329024,sharonmorris@yahoo.com,1592843145464065,2,1990.0,2,"""[{""""item_id"""":""""M_STAN_Q"""""
329077,emoran@ramsey.com,1592843416285462,1,79.0,1,"""[{""""item_id"""":""""P_FOAM_K"""""
329010,ykidd@white-escobar.com,1592843107275832,2,754.0,2,"""[{""""item_id"""":""""M_STAN_T"""""
329690,adamshannon@alexander.net,1592846282878295,1,1045.0,1,"""[{""""item_id"""":""""M_STAN_Q"""""
329522,foxheather@hotmail.com,1592845575249111,1,1045.0,1,"""[{""""item_id"""":""""M_STAN_Q"""""
330793,cantupatricia@may.com,1592851154858551,1,1695.0,1,"""[{""""item_id"""":""""M_PREM_F"""""
329575,tammy65@yahoo.com,1592845778931419,1,1045.0,1,"""[{""""item_id"""":""""M_STAN_Q"""""
330175,eolson@gmail.com,1592848338365142,1,1795.0,1,"""[{""""item_id"""":""""M_PREM_Q"""""
330574,ydonovan26@gmail.com,1592850130366079,1,945.0,1,"""[{""""item_id"""":""""M_STAN_F"""""
330602,karen70@knight-jacobs.info,1592850258790871,1,159.0,1,"""[{""""item_id"""":""""P_DOWN_K"""""
365847,gonzalezaustin@hotmail.com,1593107340056042,1,535.5,1,"""[{""""coupon"""":""""NEWBED10"""""
376375,jacobsonamanda@waters.org,1593192745811199,1,535.5,1,"""[{""""coupon"""":""""NEWBED10"""""
330594,jacob32@pearson-smith.info,1592850218449802,1,945.0,1,"""[{""""item_id"""":""""M_STAN_F"""""
331276,matthewrichards@gmail.com,1592853589267742,1,1045.0,1,"""[{""""item_id"""":""""M_STAN_Q"""""
369501,hernandezjulie@morrow-oneal.com,1593128094417326,1,1075.5,1,"""[{""""coupon"""":""""NEWBED10"""""
331360,ocampbell25@hotmail.com,1592853938809955,1,1195.0,1,"""[{""""item_id"""":""""M_STAN_K"""""
351698,christophermills@gmail.com,1593007704746321,1,535.5,1,"""[{""""coupon"""":""""NEWBED10"""""
381319,amandavasquez@hotmail.com,1593226302778032,1,1075.5,1,"""[{""""coupon"""":""""NEWBED10"""""
331477,xblack@lamb.biz,1592854489729673,1,79.0,1,"""[{""""item_id"""":""""P_FOAM_K"""""
331196,lori93@hotmail.com,1592853155509209,1,1045.0,1,"""[{""""item_id"""":""""M_STAN_Q"""""
331754,jeremycurtis@smith-contreras.com,1592855842755198,1,1195.0,1,"""[{""""item_id"""":""""M_STAN_K"""""
361194,jessica25@hotmail.com,1593075579984302,1,940.5,1,"""[{""""coupon"""":""""NEWBED10"""""
369195,bennettkelsey@hotmail.com,1593125552611298,1,1795.5,1,"""[{""""coupon"""":""""NEWBED10"""""
331900,morrisjake@becker.com,1592856464428759,1,1795.0,1,"""[{""""item_id"""":""""M_PREM_Q"""""
331831,davidsmith13@yahoo.com,1592856181828618,1,1195.0,1,"""[{""""item_id"""":""""M_STAN_K"""""
378096,hmoore@guerrero.info,1593200996525124,2,903.6,2,"""[{""""coupon"""":""""NEWBED10"""""
361229,rogermiller@hotmail.com,1593076069325408,2,957.6,2,"""[{""""coupon"""":""""NEWBED10"""""
332402,vanessa30@hill.com,1592858766507029,1,595.0,1,"""[{""""item_id"""":""""M_STAN_T"""""
332401,elizabethfuller@hotmail.com,1592858760125838,2,2890.0,2,"""[{""""item_id"""":""""M_STAN_K"""""
332574,karensimon@anderson-golden.com,1592859636882422,1,1195.0,1,"""[{""""item_id"""":""""M_STAN_K"""""
370350,lauren37@king-martinez.biz,1593136554242937,1,1075.5,1,"""[{""""coupon"""":""""NEWBED10"""""
332245,andreamontoya@cruz.com,1592857947430726,1,1045.0,1,"""[{""""item_id"""":""""M_STAN_Q"""""
361587,josephbennett@brown-davis.com,1593080614201420,1,1075.5,1,"""[{""""coupon"""":""""NEWBED10"""""
332472,webbdouglas@novak-wilson.biz,1592859176381314,1,1195.0,1,"""[{""""item_id"""":""""M_STAN_K"""""
332943,ngriffin@yahoo.com,1592861549228188,1,595.0,1,"""[{""""item_id"""":""""M_STAN_T"""""
361235,wagnerdennis@gomez.com,1593076171446514,1,53.1,1,"""[{""""coupon"""":""""NEWBED10"""""
332983,pattonpatricia@yahoo.com,1592861740168356,1,945.0,1,"""[{""""item_id"""":""""M_STAN_F"""""
333103,nnewton72@hotmail.com,1592862417885156,1,1195.0,1,"""[{""""item_id"""":""""M_STAN_K"""""
333492,john90@hotmail.com,1592864694261974,1,595.0,1,"""[{""""item_id"""":""""M_STAN_T"""""
333506,amysmith@mason-adams.com,1592864781403332,1,1095.0,1,"""[{""""item_id"""":""""M_PREM_T"""""
333524,david0437@gmail.com,1592864872847078,2,1254.0,2,"""[{""""item_id"""":""""M_STAN_K"""""
367042,dsullivan@rodriguez.com,1593113189289913,1,1615.5,1,"""[{""""coupon"""":""""NEWBED10"""""
363717,jennifer15@gentry.com,1593096475448783,2,1056.6,2,"""[{""""coupon"""":""""NEWBED10"""""
334102,amy55@smith.com,1592869017617222,1,1195.0,1,"""[{""""item_id"""":""""M_STAN_K"""""
334202,vkaufman@hart.com,1592869797634511,1,945.0,1,"""[{""""item_id"""":""""M_STAN_F"""""
369066,john19@gray.com,1593124551476666,1,53.1,1,"""[{""""coupon"""":""""NEWBED10"""""
383102,eespinoza@tucker.org,1593253527936710,1,535.5,1,"""[{""""coupon"""":""""NEWBED10"""""
370160,kmitchell@hickman.com,1593134340231230,1,535.5,1,"""[{""""coupon"""":""""NEWBED10"""""
334897,amandachavez@watson.com,1592876083367267,1,1045.0,1,"""[{""""item_id"""":""""M_STAN_Q"""""
376817,espinozajose@yahoo.com,1593194769717397,1,985.5,1,"""[{""""coupon"""":""""NEWBED10"""""
372992,ricardoleon@chambers.com,1593172780610449,2,903.6,2,"""[{""""coupon"""":""""NEWBED10"""""
387055,aolsen@deleon-mcbride.org,1593276302100513,1,985.5,1,"""[{""""coupon"""":""""NEWBED10"""""
371563,johnsonwilliam7@gmail.com,1593154647888212,1,1075.5,1,"""[{""""coupon"""":""""NEWBED10"""""
394326,zcrane@yahoo.com,1593322990293501,1,940.5,1,"""[{""""coupon"""":""""NEWBED10"""""
337604,vwashington91@yahoo.com,1592910454785588,1,1195.0,1,"""[{""""item_id"""":""""M_STAN_K"""""
337586,alexanderrobert16@yahoo.com,1592910245825359,1,1195.0,1,"""[{""""item_id"""":""""M_STAN_K"""""
376551,nweaver@bruce.com,1593193554195036,1,1795.5,1,"""[{""""coupon"""":""""NEWBED10"""""
371973,geoffrey26@yahoo.com,1593160915919809,1,1615.5,1,"""[{""""coupon"""":""""NEWBED10"""""
382879,imaldonado@gmail.com,1593250774670785,1,1795.5,1,"""[{""""coupon"""":""""NEWBED10"""""
338266,megan5420@yahoo.com,1592915706785681,1,1045.0,1,"""[{""""item_id"""":""""M_STAN_Q"""""
338341,ksullivan@phillips.com,1592916284635428,1,1795.0,1,"""[{""""item_id"""":""""M_PREM_Q"""""
339109,scottdavidson@yahoo.com,1592921076483064,1,1995.0,1,"""[{""""item_id"""":""""M_PREM_K"""""
369651,mannronald@yahoo.com,1593129287403246,1,1615.5,1,"""[{""""coupon"""":""""NEWBED10"""""
339273,bmeyer69@hotmail.com,1592921968121659,1,1795.0,1,"""[{""""item_id"""":""""M_PREM_Q"""""
338562,yhopkins@roberts.com,1592917764757125,1,1045.0,1,"""[{""""item_id"""":""""M_STAN_Q"""""
340236,ashley2473@gmail.com,1592926582256871,1,1045.0,1,"""[{""""item_id"""":""""M_STAN_Q"""""
339012,murphycatherine@yahoo.com,1592920517446469,1,1195.0,1,"""[{""""item_id"""":""""M_STAN_K"""""
388484,othompson@young.com,1593281717401070,1,1615.5,1,"""[{""""coupon"""":""""NEWBED10"""""
356801,garnerstephen@hotmail.com,1593031627199158,1,850.5,1,"""[{""""coupon"""":""""NEWBED10"""""
381423,dandrews62@hotmail.com,1593228110895558,1,940.5,1,"""[{""""coupon"""":""""NEWBED10"""""
340171,stephensjennifer26@hotmail.com,1592926264724265,4,4044.0,4,"""[{""""item_id"""":""""M_STAN_Q"""""
339092,tdiaz86@yahoo.com,1592920960594516,1,1045.0,1,"""[{""""item_id"""":""""M_STAN_Q"""""
339004,robertoblack@hotmail.com,1592920470607292,1,59.0,1,"""[{""""item_id"""":""""P_FOAM_S"""""
339719,glloyd@johnson.com,1592924219078274,1,945.0,1,"""[{""""item_id"""":""""M_STAN_F"""""
391474,vmartinez@johnson-davis.org,1593294213729952,1,940.5,1,"""[{""""coupon"""":""""NEWBED10"""""
410238,christineshaffer@gmail.com,1593449897942172,1,535.5,1,"""[{""""coupon"""":""""NEWBED10"""""
382122,jenniferbrown71@gmail.com,1593239120206146,1,1075.5,1,"""[{""""coupon"""":""""NEWBED10"""""
372680,gina89@wilkins.com,1593169852387564,1,53.1,1,"""[{""""coupon"""":""""NEWBED10"""""
380915,joseph8459@hotmail.com,1593221468365154,1,1075.5,1,"""[{""""coupon"""":""""NEWBED10"""""
384956,jamesbrown98@gmail.com,1593266922593796,1,1075.5,1,"""[{""""coupon"""":""""NEWBED10"""""
340860,smitherika93@gmail.com,1592929374767083,1,1195.0,1,"""[{""""item_id"""":""""M_STAN_K"""""
370884,mschneider@hotmail.com,1593143747240595,1,940.5,1,"""[{""""coupon"""":""""NEWBED10"""""
371776,allison9031@yahoo.com,1593158020032359,1,107.10000000000001,1,"""[{""""coupon"""":""""NEWBED10"""""
342672,aunderwood@smith.org,1592936834767962,1,1195.0,1,"""[{""""item_id"""":""""M_STAN_K"""""
341776,mariamcgee@yahoo.com,1592933123634768,1,159.0,1,"""[{""""item_id"""":""""P_DOWN_K"""""
372048,yoneal@clark.com,1593162052629223,1,985.5,1,"""[{""""coupon"""":""""NEWBED10"""""
360464,tfarley@roberts.biz,1593065153423829,1,1075.5,1,"""[{""""coupon"""":""""NEWBED10"""""
391124,pottsjose@bishop-pacheco.info,1593292485411423,1,940.5,1,"""[{""""coupon"""":""""NEWBED10"""""
360803,lisaturner@cox-dunn.com,1593070089404235,2,1038.6,2,"""[{""""coupon"""":""""NEWBED10"""""
363464,pclark@bray.com,1593095031508596,1,1075.5,1,"""[{""""coupon"""":""""NEWBED10"""""
372150,millertiffany80@gmail.com,1593163602802344,1,940.5,1,"""[{""""coupon"""":""""NEWBED10"""""
380374,amanda73@williams.com,1593215713920664,1,535.5,1,"""[{""""coupon"""":""""NEWBED10"""""
342572,wendy87@odom.com,1592936391469682,1,1045.0,1,"""[{""""item_id"""":""""M_STAN_Q"""""
368104,jeremy40@hotmail.com,1593118729575900,1,535.5,1,"""[{""""coupon"""":""""NEWBED10"""""
342839,gloverdavid@skinner.org,1592937493260659,1,1995.0,1,"""[{""""item_id"""":""""M_PREM_K"""""
342752,samantha86@hotmail.com,1592937155319939,1,1045.0,1,"""[{""""item_id"""":""""M_STAN_Q"""""
381046,jasmine01@hotmail.com,1593222988398108,1,535.5,1,"""[{""""coupon"""":""""NEWBED10"""""
370926,joshuasimpson@yahoo.com,1593144183278057,1,1075.5,1,"""[{""""coupon"""":""""NEWBED10"""""
382136,smithkimberly@gregory.info,1593239539668184,1,53.1,1,"""[{""""coupon"""":""""NEWBED10"""""
342837,aaron80@mercer.com,1592937487360035,1,945.0,1,"""[{""""item_id"""":""""M_STAN_F"""""
342863,victoriamartinez@hotmail.com,1592937597487085,1,945.0,1,"""[{""""item_id"""":""""M_STAN_F"""""
369203,esantiago@mercado.com,1593125604032581,1,940.5,1,"""[{""""coupon"""":""""NEWBED10"""""
374658,jenniferpowell@harrington-garza.info,1593184033977135,1,940.5,1,"""[{""""coupon"""":""""NEWBED10"""""
344162,lopezdorothy@macdonald.com,1592943154299880,1,1045.0,1,"""[{""""item_id"""":""""M_STAN_Q"""""
381450,diana57@gmail.com,1593228409888414,1,53.1,1,"""[{""""coupon"""":""""NEWBED10"""""
345291,kevinsimon@kennedy.com,1592948546607461,1,1045.0,1,"""[{""""item_id"""":""""M_STAN_Q"""""
394807,sarawilliams@kirby.net,1593330694581180,2,606.6,2,"""[{""""coupon"""":""""NEWBED10"""""
344772,iperkins@bryan.com,1592945982960690,1,1045.0,1,"""[{""""item_id"""":""""M_STAN_Q"""""
345845,delgadojessica@gmail.com,1592951457965134,2,654.0,2,"""[{""""item_id"""":""""M_STAN_T"""""
345514,stantontonya@anderson.com,1592949726768622,2,1790.0,2,"""[{""""item_id"""":""""M_STAN_K"""""
365999,jenkinsdaniel@hotmail.com,1593108106357858,1,535.5,1,"""[{""""coupon"""":""""NEWBED10"""""
345196,qhernandez@morris-brown.com,1592948041040175,1,945.0,1,"""[{""""item_id"""":""""M_STAN_F"""""
344777,dsimpson@morgan.com,1592946027872000,1,595.0,1,"""[{""""item_id"""":""""M_STAN_T"""""
381284,petersenrichard@hotmail.com,1593225935879177,1,535.5,1,"""[{""""coupon"""":""""NEWBED10"""""
393423,xmoore@livingston.com,1593309096706679,1,535.5,1,"""[{""""coupon"""":""""NEWBED10"""""
371028,joshua09@boyd.com,1593145521499128,2,1668.6,2,"""[{""""coupon"""":""""NEWBED10"""""
376746,kdawson@king-gonzales.org,1593194431180718,1,535.5,1,"""[{""""coupon"""":""""NEWBED10"""""
345592,leecody@gmail.com,1592950158713235,1,1045.0,1,"""[{""""item_id"""":""""M_STAN_Q"""""
376088,rebecca69@gonzalez-clements.com,1593191407988841,1,1075.5,1,"""[{""""coupon"""":""""NEWBED10"""""
382422,thomastrujillo@moss-bell.com,1593244126380674,1,1075.5,1,"""[{""""coupon"""":""""NEWBED10"""""
346498,cunninghamnathan@giles.com,1592955890868096,1,1195.0,1,"""[{""""item_id"""":""""M_STAN_K"""""
382945,jake35@garrett.com,1593251626426536,2,588.6,2,"""[{""""coupon"""":""""NEWBED10"""""
360136,zlove@young-pennington.com,1593060217357144,2,642.6,2,"""[{""""coupon"""":""""NEWBED10"""""
346382,lwarner61@hotmail.com,1592954968680557,1,1045.0,1,"""[{""""item_id"""":""""M_STAN_Q"""""
346570,wagnerjason4@yahoo.com,1592956446538430,1,1195.0,1,"""[{""""item_id"""":""""M_STAN_K"""""
346766,uharvey@yahoo.com,1592958067665446,1,1195.0,1,"""[{""""item_id"""":""""M_STAN_K"""""
347110,aprilbarnes@garrett.com,1592960774365109,2,1124.0,2,"""[{""""item_id"""":""""M_STAN_Q"""""
347149,ryanhall17@gmail.com,1592961109419159,3,1269.0,2,"""[{""""item_id"""":""""M_STAN_T"""""
347354,shawna89@hotmail.com,1592962849178113,1,1095.0,1,"""[{""""item_id"""":""""M_PREM_T"""""
378918,thomas42@martin-weaver.com,1593205431964924,1,1075.5,1,"""[{""""coupon"""":""""NEWBED10"""""
347758,nthompson71@yahoo.com,1592967002609634,1,595.0,1,"""[{""""item_id"""":""""M_STAN_T"""""
348156,justinramirez44@hotmail.com,1592971495514250,2,2390.0,1,"""[{""""item_id"""":""""M_STAN_K"""""
348840,sanfordjohn@yahoo.com,1592980409748624,1,1795.0,1,"""[{""""item_id"""":""""M_PREM_Q"""""
349476,cervantesderrick@gmail.com,1592988818456752,1,59.0,1,"""[{""""item_id"""":""""P_FOAM_S"""""
349568,michael3318@gmail.com,1592990101942550,1,1045.0,1,"""[{""""item_id"""":""""M_STAN_Q"""""
349946,wclark@miller-serrano.org,1592994363052194,1,1795.0,1,"""[{""""item_id"""":""""M_PREM_Q"""""
350054,banderson@peters-reyes.com,1592995527851538,2,1854.0,2,"""[{""""item_id"""":""""M_PREM_Q"""""
372344,sheilarivera@wells.biz,1593166103337365,2,903.6,2,"""[{""""coupon"""":""""NEWBED10"""""
350038,dorothy25@johnson-sparks.com,1592995344893467,1,1045.0,1,"""[{""""item_id"""":""""M_STAN_Q"""""
350596,danielsangela@stevens.com,1593000555690658,1,595.0,1,"""[{""""item_id"""":""""M_STAN_T"""""
350531,ballardbryan@obrien.com,1592999965634166,1,1195.0,1,"""[{""""item_id"""":""""M_STAN_K"""""
351111,elizabethdixon@todd.com,1593004063616001,2,1790.0,2,"""[{""""item_id"""":""""M_STAN_T"""""
350920,gardnerlaura@gmail.com,1593002721111612,1,1045.0,1,"""[{""""item_id"""":""""M_STAN_Q"""""
402761,ronald73@hotmail.com,1593379700586478,1,1075.5,1,"""[{""""coupon"""":""""NEWBED10"""""
351198,troberts@hotmail.com,1593004603584088,1,1795.0,1,"""[{""""item_id"""":""""M_PREM_Q"""""
350906,burtonjames@lopez.info,1593002630141346,1,1045.0,1,"""[{""""item_id"""":""""M_STAN_Q"""""
351544,parkernancy@yahoo.com,1593006780278254,2,1004.0,2,"""[{""""item_id"""":""""M_STAN_F"""""
420002,michael41@myers.com,1593530059160515,1,1075.5,1,"""[{""""coupon"""":""""NEWBED10"""""
351254,rebecca43@anderson.com,1593004925830015,1,1195.0,1,"""[{""""item_id"""":""""M_STAN_K"""""
351570,chase91@gmail.com,1593006916981237,1,595.0,1,"""[{""""item_id"""":""""M_STAN_T"""""
351996,jonathan12@lawson.com,1593009412245926,1,945.0,1,"""[{""""item_id"""":""""M_STAN_F"""""
352564,charleschristopher@durham-henderson.com,1593012502961531,1,1095.0,1,"""[{""""item_id"""":""""M_PREM_T"""""
352457,robertdickerson@hernandez.com,1593011859075989,1,1045.0,1,"""[{""""item_id"""":""""M_STAN_Q"""""
352436,waltermichele@parker.biz,1593011728504413,3,1785.0,1,"""[{""""item_id"""":""""M_STAN_T"""""
377768,denise82@yahoo.com,1593199352603490,2,1791.0,2,"""[{""""coupon"""":""""NEWBED10"""""
372547,ggomez@beltran-anderson.biz,1593168400595608,1,1075.5,1,"""[{""""coupon"""":""""NEWBED10"""""
352812,mary45@stevens.com,1593013639133573,2,1354.0,2,"""[{""""item_id"""":""""M_STAN_K"""""
352341,plynch51@gmail.com,1593011276454555,1,1045.0,1,"""[{""""item_id"""":""""M_STAN_Q"""""
360149,bstark@flynn.com,1593060347967719,1,850.5,1,"""[{""""coupon"""":""""NEWBED10"""""
388356,devin87@pierce.info,1593281174547553,1,940.5,1,"""[{""""coupon"""":""""NEWBED10"""""
353534,justin999@yahoo.com,1593016905352276,1,1045.0,1,"""[{""""item_id"""":""""M_STAN_Q"""""
381561,campbellgeorge@hotmail.com,1593230070312135,1,850.5,1,"""[{""""coupon"""":""""NEWBED10"""""
353006,rachaelcarney@henry.biz,1593014494866994,1,1045.0,1,"""[{""""item_id"""":""""M_STAN_Q"""""
353382,geraldchapman@yahoo.com,1593016255241977,1,595.0,1,"""[{""""item_id"""":""""M_STAN_T"""""
353626,michelewise@yahoo.com,1593017379495375,1,1045.0,1,"""[{""""item_id"""":""""M_STAN_Q"""""
387389,bondgloria@daniel-fernandez.org,1593277627015854,1,940.5,1,"""[{""""coupon"""":""""NEWBED10"""""
374519,webblisa@mitchell-james.com,1593183210627232,1,535.5,1,"""[{""""coupon"""":""""NEWBED10"""""
354621,egonzalez0@gmail.com,1593021708103835,1,595.0,1,"""[{""""item_id"""":""""M_STAN_T"""""
381780,amberjones@gmail.com,1593233526696784,1,535.5,1,"""[{""""coupon"""":""""NEWBED10"""""
379797,staceyjohnson74@hotmail.com,1593211026908416,1,535.5,1,"""[{""""coupon"""":""""NEWBED10"""""
370803,tranevan@chandler-fletcher.com,1593142378887390,1,985.5,1,"""[{""""coupon"""":""""NEWBED10"""""
370682,leechad@gomez-west.info,1593140673486500,2,588.6,2,"""[{""""coupon"""":""""NEWBED10"""""
393161,caleb30@lawson.info,1593305808438581,1,535.5,1,"""[{""""coupon"""":""""NEWBED10"""""
355570,fosterpatricia@yahoo.com,1593025759790403,1,595.0,1,"""[{""""item_id"""":""""M_STAN_T"""""
382566,briansmith@guzman.com,1593246409975521,2,1668.6,2,"""[{""""coupon"""":""""NEWBED10"""""
397061,crystal12@brown.com,1593352515251084,1,940.5,1,"""[{""""coupon"""":""""NEWBED10"""""
354701,hayneschristy@schwartz-west.info,1593021989436684,1,595.0,1,"""[{""""item_id"""":""""M_STAN_T"""""
355079,christopher3810@hotmail.com,1593023674627299,1,1795.0,1,"""[{""""item_id"""":""""M_PREM_Q"""""
354721,lopezrobert@tucker.com,1593022079479269,1,595.0,1,"""[{""""item_id"""":""""M_STAN_T"""""
355045,peter37@hotmail.com,1593023474096990,2,714.0,2,"""[{""""item_id"""":""""M_STAN_T"""""
354804,isabella49@hotmail.com,1593022417030538,1,1045.0,1,"""[{""""item_id"""":""""M_STAN_Q"""""
355455,whoffman@hotmail.com,1593025276538502,1,59.0,1,"""[{""""item_id"""":""""P_FOAM_S"""""
354993,waltersdavid29@gmail.com,1593023263358542,1,1795.0,1,"""[{""""item_id"""":""""M_PREM_Q"""""
354777,ymiller@roberson.org,1593022325274749,1,1045.0,1,"""[{""""item_id"""":""""M_STAN_Q"""""
405985,juanleach@smith.biz,1593412126353719,1,1075.5,1,"""[{""""coupon"""":""""NEWBED10"""""
381440,mccallalisha@hotmail.com,1593228296872195,1,940.5,1,"""[{""""coupon"""":""""NEWBED10"""""
355352,antonio30@manning.com,1593024808421454,1,595.0,1,"""[{""""item_id"""":""""M_STAN_T"""""
382145,cthomas79@yahoo.com,1593239694629496,1,107.10000000000001,1,"""[{""""coupon"""":""""NEWBED10"""""
357198,laurieadams@yahoo.com,1593033679132714,1,1045.0,1,"""[{""""item_id"""":""""M_STAN_Q"""""
394593,karen75@baker.net,1593327434718027,1,1795.5,1,"""[{""""coupon"""":""""NEWBED10"""""
356004,nbrown@gordon-robbins.com,1593027689227293,1,59.0,1,"""[{""""item_id"""":""""P_FOAM_S"""""
356371,ngarcia45@gmail.com,1593029563564391,1,1995.0,1,"""[{""""item_id"""":""""M_PREM_K"""""
403074,uthornton@harris-brown.com,1593381337722713,2,1038.6,2,"""[{""""coupon"""":""""NEWBED10"""""
396713,morgankristen@gmail.com,1593350077616858,1,850.5,1,"""[{""""coupon"""":""""NEWBED10"""""
393946,chad36@barton.com,1593316531134276,1,940.5,1,"""[{""""coupon"""":""""NEWBED10"""""
357135,lgeorge@yahoo.com,1593033268487317,1,945.0,1,"""[{""""item_id"""":""""M_STAN_F"""""
357296,stephaniealexander@steele.net,1593034127081283,1,1045.0,1,"""[{""""item_id"""":""""M_STAN_Q"""""
395984,heather61@gmail.com,1593344637600505,1,535.5,1,"""[{""""coupon"""":""""NEWBED10"""""
402579,marcussanders@gmail.com,1593378776838944,1,985.5,1,"""[{""""coupon"""":""""NEWBED10"""""
357309,jennifermcbride@hill-stevens.net,1593034206782580,1,1045.0,1,"""[{""""item_id"""":""""M_STAN_Q"""""
357421,joshua2060@hotmail.com,1593034974028600,1,1045.0,1,"""[{""""item_id"""":""""M_STAN_Q"""""
357177,rogerscrystal@kelly-watson.net,1593033541242056,1,1045.0,1,"""[{""""item_id"""":""""M_STAN_Q"""""
358771,grimesshelia@smith.com,1593044075193968,1,1045.0,1,"""[{""""item_id"""":""""M_STAN_Q"""""
357960,carol45@hotmail.com,1593038143425616,1,1045.0,1,"""[{""""item_id"""":""""M_STAN_Q"""""
357884,kennethking@yahoo.com,1593037687199968,1,1195.0,1,"""[{""""item_id"""":""""M_STAN_K"""""
395903,tammyhubbard@rush-rivers.com,1593343886899848,1,535.5,1,"""[{""""coupon"""":""""NEWBED10"""""
358028,philipprice@stark.com,1593038566941781,1,1095.0,1,"""[{""""item_id"""":""""M_PREM_T"""""
394471,erica75@yahoo.com,1593325414238809,1,940.5,1,"""[{""""coupon"""":""""NEWBED10"""""
358459,michael01@diaz.com,1593041488583390,2,2240.0,2,"""[{""""item_id"""":""""M_STAN_Q"""""
371870,zpope@chavez-medina.com,1593159447249047,2,1071.0,1,"""[{""""coupon"""":""""NEWBED10"""""
359314,sarahpetersen@gmail.com,1593049417079201,1,1195.0,1,"""[{""""item_id"""":""""M_STAN_K"""""
384180,sandra64@yahoo.com,1593262407823044,1,535.5,1,"""[{""""coupon"""":""""NEWBED10"""""
402989,kimberlyanderson@cortez-rios.com,1593380785523371,1,1075.5,1,"""[{""""coupon"""":""""NEWBED10"""""
358945,jvasquez@hotmail.com,1593045753087861,1,945.0,1,"""[{""""item_id"""":""""M_STAN_F"""""
381223,barry52@espinoza-lowery.net,1593225142015738,1,940.5,1,"""[{""""coupon"""":""""NEWBED10"""""
360699,amandalopez@gmail.com,1593068369706299,1,1195.0,1,"""[{""""item_id"""":""""M_STAN_K"""""
361117,hallmercedes@moore.net,1593074710241906,1,1045.0,1,"""[{""""item_id"""":""""M_STAN_Q"""""
406220,enorris@yahoo.com,1593415771408817,1,1075.5,1,"""[{""""coupon"""":""""NEWBED10"""""
395865,deborahdavis@bowman-collins.com,1593343569032283,1,1075.5,1,"""[{""""coupon"""":""""NEWBED10"""""
362254,brendayoung@yahoo.com,1593086726448632,2,2190.0,1,"""[{""""item_id"""":""""M_PREM_T"""""
362392,melaniegriffin@kelly-sullivan.com,1593087786025349,1,1195.0,1,"""[{""""item_id"""":""""M_STAN_K"""""
362745,jroman60@yahoo.com,1593090455118182,1,1045.0,1,"""[{""""item_id"""":""""M_STAN_Q"""""
362103,richard69@thomas.com,1593085595110544,1,595.0,1,"""[{""""item_id"""":""""M_STAN_T"""""
399440,payneaaron@yahoo.com,1593364226183819,1,850.5,1,"""[{""""coupon"""":""""NEWBED10"""""
401032,olopez18@gmail.com,1593371171525483,1,535.5,1,"""[{""""coupon"""":""""NEWBED10"""""
408022,chapmanandrea@mann.com,1593436834048264,1,1075.5,1,"""[{""""coupon"""":""""NEWBED10"""""
363174,qevans@fowler.com,1593093218277122,2,1754.0,2,"""[{""""item_id"""":""""M_PREM_F"""""
402647,mcdanielcesar@johnson.biz,1593379103446905,1,1525.5,1,"""[{""""coupon"""":""""NEWBED10"""""
395517,kaylafriedman@lynch.org,1593340247821481,1,535.5,1,"""[{""""coupon"""":""""NEWBED10"""""
363196,michele63@wheeler.com,1593093347473343,2,1190.0,1,"""[{""""item_id"""":""""M_STAN_T"""""
363561,craigbraun@jackson.com,1593095652318786,1,595.0,1,"""[{""""item_id"""":""""M_STAN_T"""""
394074,imorgan21@gmail.com,1593318529571449,1,940.5,1,"""[{""""coupon"""":""""NEWBED10"""""
380876,aprilhansen@gmail.com,1593220979727405,1,940.5,1,"""[{""""coupon"""":""""NEWBED10"""""
404545,mendozajoshua@gmail.com,1593392466885803,1,535.5,1,"""[{""""coupon"""":""""NEWBED10"""""
395785,bfreeman@hill.info,1593342911159077,1,940.5,1,"""[{""""coupon"""":""""NEWBED10"""""
364251,jthompson@thomas-dunn.org,1593099372314725,1,595.0,1,"""[{""""item_id"""":""""M_STAN_T"""""
363941,vodom@yahoo.com,1593097784918599,1,1045.0,1,"""[{""""item_id"""":""""M_STAN_Q"""""
391060,millerandrew@yahoo.com,1593292167845021,1,850.5,1,"""[{""""coupon"""":""""NEWBED10"""""
364582,osmith@harris.org,1593101119787554,1,595.0,1,"""[{""""item_id"""":""""M_STAN_T"""""
364202,karamarshall@gmail.com,1593099118669518,1,1045.0,1,"""[{""""item_id"""":""""M_STAN_Q"""""
364013,ghughes@yahoo.com,1593098194092326,1,1195.0,1,"""[{""""item_id"""":""""M_STAN_K"""""
365191,traceycarter@jackson.net,1593104185646236,1,1695.0,1,"""[{""""item_id"""":""""M_PREM_F"""""
365068,jamestaylor96@gmail.com,1593103580085476,1,945.0,1,"""[{""""item_id"""":""""M_STAN_F"""""
364579,parsonsmichael@miller.com,1593101078664832,1,595.0,1,"""[{""""item_id"""":""""M_STAN_T"""""
412581,stewartamanda59@yahoo.com,1593461285923237,1,535.5,1,"""[{""""coupon"""":""""NEWBED10"""""
405109,monica68@hotmail.com,1593398588490258,1,940.5,1,"""[{""""coupon"""":""""NEWBED10"""""
384214,thomasmonica@yahoo.com,1593262630568688,1,107.10000000000001,1,"""[{""""coupon"""":""""NEWBED10"""""
406641,kinghenry@hotmail.com,1593422477039188,1,940.5,1,"""[{""""coupon"""":""""NEWBED10"""""
402452,luis62@yahoo.com,1593378117604857,1,940.5,1,"""[{""""coupon"""":""""NEWBED10"""""
403948,eric85@kennedy-gonzales.com,1593387203796872,1,850.5,1,"""[{""""coupon"""":""""NEWBED10"""""
366595,bknight91@hotmail.com,1593110982008522,1,1045.0,1,"""[{""""item_id"""":""""M_STAN_Q"""""
402549,tracey02@ortiz-bush.biz,1593378616717777,1,1615.5,1,"""[{""""coupon"""":""""NEWBED10"""""
402469,austin79@goodwin.net,1593378182826590,1,535.5,1,"""[{""""coupon"""":""""NEWBED10"""""
366319,ihernandez@cunningham-wilson.com,1593109633163976,1,595.0,1,"""[{""""item_id"""":""""M_STAN_T"""""
366784,williambaker@solomon.biz,1593111964795392,1,1095.0,1,"""[{""""item_id"""":""""M_PREM_T"""""
367382,burtontracy@christensen.net,1593114982396476,1,1045.0,1,"""[{""""item_id"""":""""M_STAN_Q"""""
416455,kevinsmith76@hotmail.com,1593499482496977,1,940.5,1,"""[{""""coupon"""":""""NEWBED10"""""
416052,dannyhernandez@martin-kelly.com,1593493003866582,1,1615.5,1,"""[{""""coupon"""":""""NEWBED10"""""
421929,joseph611@yahoo.com,1593538773742423,2,1071.0,1,"""[{""""coupon"""":""""NEWBED10"""""
381991,frederickgonzales@gmail.com,1593236870451210,1,1075.5,1,"""[{""""coupon"""":""""NEWBED10"""""
397033,wrose27@gmail.com,1593352357787574,1,1075.5,1,"""[{""""coupon"""":""""NEWBED10"""""
419601,jean49@yahoo.com,1593528014044381,2,1521.0,2,"""[{""""coupon"""":""""NEWBED10"""""
381459,rosskimberly@hotmail.com,1593228505592472,1,535.5,1,"""[{""""coupon"""":""""NEWBED10"""""
409345,lisasmith11@hotmail.com,1593445005410029,1,985.5,1,"""[{""""coupon"""":""""NEWBED10"""""
368137,chloe48@hotmail.com,1593118938156748,1,595.0,1,"""[{""""item_id"""":""""M_STAN_T"""""
421507,davisjoseph95@gmail.com,1593536952845617,1,940.5,1,"""[{""""coupon"""":""""NEWBED10"""""
415720,perezbrent@yahoo.com,1593488047558286,1,535.5,1,"""[{""""coupon"""":""""NEWBED10"""""
368852,blackbrian@mejia.org,1593123136213728,1,945.0,1,"""[{""""item_id"""":""""M_STAN_F"""""
368927,braunjessica@hotmail.com,1593123681869126,1,595.0,1,"""[{""""item_id"""":""""M_STAN_T"""""
394274,christineward@schmidt-dawson.org,1593321947636466,3,1718.1,3,"""[{""""coupon"""":""""NEWBED10"""""
368712,alove20@yahoo.com,1593122327727338,1,1995.0,1,"""[{""""item_id"""":""""M_PREM_K"""""
368994,spadilla82@hotmail.com,1593124016672798,1,595.0,1,"""[{""""item_id"""":""""M_STAN_T"""""
406394,craig8191@hotmail.com,1593418461263427,1,1525.5,1,"""[{""""coupon"""":""""NEWBED10"""""
403879,lindafrederick@watts-schroeder.org,1593386688476566,1,940.5,1,"""[{""""coupon"""":""""NEWBED10"""""
411929,angelagarner@sanchez.com,1593458164831653,1,1525.5,1,"""[{""""coupon"""":""""NEWBED10"""""
372533,enewman@hotmail.com,1593168279875877,1,1045.0,1,"""[{""""item_id"""":""""M_STAN_Q"""""
373031,huangwanda@hotmail.com,1593173130384461,1,595.0,1,"""[{""""item_id"""":""""M_STAN_T"""""
397994,dicksoncorey@foster.org,1593357569054177,2,1971.0,1,"""[{""""coupon"""":""""NEWBED10"""""
392512,ireid@gmail.com,1593300640857699,1,535.5,1,"""[{""""coupon"""":""""NEWBED10"""""
373579,vclark@graves.biz,1593177556173340,1,1045.0,1,"""[{""""item_id"""":""""M_STAN_Q"""""
373591,estesmichele@stuart-gonzalez.biz,1593177633097543,2,1874.0,2,"""[{""""item_id"""":""""M_PREM_Q"""""
405591,orozcorandall@leon.com,1593405680391630,1,1795.5,1,"""[{""""coupon"""":""""NEWBED10"""""
374349,nsullivan@church-mcgrath.com,1593182262202469,2,2390.0,1,"""[{""""item_id"""":""""M_STAN_K"""""
382780,obriensteven@gmail.com,1593249602876019,1,1075.5,1,"""[{""""coupon"""":""""NEWBED10"""""
401978,jasonlane@yahoo.com,1593375689075709,1,940.5,1,"""[{""""coupon"""":""""NEWBED10"""""
374686,lunalaurie@wells.com,1593184207546331,1,1195.0,1,"""[{""""item_id"""":""""M_STAN_K"""""
417745,mackenzie73@knight.com,1593515828925877,1,1795.5,1,"""[{""""coupon"""":""""NEWBED10"""""
375307,theresa7092@hotmail.com,1593187565456652,1,1195.0,1,"""[{""""item_id"""":""""M_STAN_K"""""
374719,nicholasespinoza@villegas-weeks.com,1593184364460987,1,1695.0,1,"""[{""""item_id"""":""""M_PREM_F"""""
413525,courtney80@taylor.net,1593466873389306,1,1525.5,1,"""[{""""coupon"""":""""NEWBED10"""""
417348,darrell97@phillips-gamble.com,1593511909689519,1,985.5,1,"""[{""""coupon"""":""""NEWBED10"""""
399462,robertsjennifer@johnson.net,1593364299494933,2,2016.0,2,"""[{""""coupon"""":""""NEWBED10"""""
375852,nancy82@travis-patterson.com,1593190247928584,1,1195.0,1,"""[{""""item_id"""":""""M_STAN_K"""""
411997,wreynolds@vargas.info,1593458466628345,2,2016.0,2,"""[{""""coupon"""":""""NEWBED10"""""
415353,sherry09@hotmail.com,1593483026411158,1,850.5,1,"""[{""""coupon"""":""""NEWBED10"""""
416337,yjohnson15@yahoo.com,1593497321704237,1,1075.5,1,"""[{""""coupon"""":""""NEWBED10"""""
376230,qcaldwell@gmail.com,1593192052803200,2,2390.0,2,"""[{""""item_id"""":""""M_PREM_Q"""""
404047,glucas@nguyen-delacruz.org,1593388031957110,1,940.5,1,"""[{""""coupon"""":""""NEWBED10"""""
425911,johnaguilar7@gmail.com,1593558447069552,1,940.5,1,"""[{""""coupon"""":""""NEWBED10"""""
376080,fostermathew@anderson.com,1593191356114134,1,1195.0,1,"""[{""""item_id"""":""""M_STAN_K"""""
376426,wallschristian@hotmail.com,1593192971181008,1,1995.0,1,"""[{""""item_id"""":""""M_PREM_K"""""
424740,walkercourtney@martin.org,1593551476812404,3,1178.1,2,"""[{""""coupon"""":""""NEWBED10"""""
376525,sarahayes@yahoo.com,1593193428174930,2,2390.0,1,"""[{""""item_id"""":""""M_STAN_K"""""
416579,erikmartin16@gmail.com,1593501461684280,1,940.5,1,"""[{""""coupon"""":""""NEWBED10"""""
436831,melissaholmes@robertson.com,1593643449785242,1,940.5,1,"""[{""""coupon"""":""""NEWBED10"""""
376624,arogers@coleman-gomez.com,1593193877076923,1,1045.0,1,"""[{""""item_id"""":""""M_STAN_Q"""""
418406,kgomez15@hotmail.com,1593520878973296,2,1128.6,2,"""[{""""coupon"""":""""NEWBED10"""""
406301,guerradanielle@daniels-campbell.com,1593416997112126,1,535.5,1,"""[{""""coupon"""":""""NEWBED10"""""
378517,matthewsmith79@yahoo.com,1593203248981616,3,1719.0,3,"""[{""""item_id"""":""""M_STAN_Q"""""
412975,jordanmaureen@hotmail.com,1593463606204861,1,535.5,1,"""[{""""coupon"""":""""NEWBED10"""""
416931,scottanthony88@hotmail.com,1593506738132857,1,940.5,1,"""[{""""coupon"""":""""NEWBED10"""""
378251,hgordon@hotmail.com,1593201799861237,1,595.0,1,"""[{""""item_id"""":""""M_STAN_T"""""
378429,zmorales48@yahoo.com,1593202709369844,1,1095.0,1,"""[{""""item_id"""":""""M_PREM_T"""""
418246,wcastro@mack-davis.com,1593519706712786,1,535.5,1,"""[{""""coupon"""":""""NEWBED10"""""
377929,amyharrell@hotmail.com,1593200116468117,2,2090.0,1,"""[{""""item_id"""":""""M_STAN_Q"""""
377990,tamara13@gmail.com,1593200436894241,1,595.0,1,"""[{""""item_id"""":""""M_STAN_T"""""
378283,mcdanielmiranda@rios-hernandez.com,1593201981423281,1,1195.0,1,"""[{""""item_id"""":""""M_STAN_K"""""
378950,monica37@hotmail.com,1593205590652096,1,945.0,1,"""[{""""item_id"""":""""M_STAN_F"""""
378530,katie79@graves.com,1593203346723962,1,595.0,1,"""[{""""item_id"""":""""M_STAN_T"""""
379231,mwilliams@reeves.com,1593207210588174,1,1045.0,1,"""[{""""item_id"""":""""M_STAN_Q"""""
405233,emorgan66@hotmail.com,1593399945565821,1,1075.5,1,"""[{""""coupon"""":""""NEWBED10"""""
378963,thorntonashley@gmail.com,1593205700232742,2,1690.0,2,"""[{""""item_id"""":""""M_STAN_T"""""
425761,brownryan@hotmail.com,1593557551070011,1,1795.5,1,"""[{""""coupon"""":""""NEWBED10"""""
393851,ghendrix78@gmail.com,1593315053455145,1,1795.5,1,"""[{""""coupon"""":""""NEWBED10"""""
379483,sean44@yahoo.com,1593208943999131,1,1195.0,1,"""[{""""item_id"""":""""M_STAN_K"""""
379211,jamesbennett@graham.info,1593207095697115,1,595.0,1,"""[{""""item_id"""":""""M_STAN_T"""""
380092,arose@hotmail.com,1593213301254143,2,2190.0,1,"""[{""""item_id"""":""""M_PREM_T"""""
380312,rachel75@johnson.biz,1593215252346394,1,1095.0,1,"""[{""""item_id"""":""""M_PREM_T"""""
417479,kingedwin@gmail.com,1593513261137002,1,535.5,1,"""[{""""coupon"""":""""NEWBED10"""""
416411,andrea7130@yahoo.com,1593498671772830,1,850.5,1,"""[{""""coupon"""":""""NEWBED10"""""
412516,pattymiranda@yahoo.com,1593460901338513,2,1668.6,2,"""[{""""coupon"""":""""NEWBED10"""""
407841,gwarren@hotmail.com,1593435597099669,1,535.5,1,"""[{""""coupon"""":""""NEWBED10"""""
380805,doughertyellen@gmail.com,1593220054883596,1,1195.0,1,"""[{""""item_id"""":""""M_STAN_K"""""
411991,dmiller@carrillo-hardin.com,1593458451945812,1,1075.5,1,"""[{""""coupon"""":""""NEWBED10"""""
381100,kim07@daniel-russell.com,1593223568159304,1,595.0,1,"""[{""""item_id"""":""""M_STAN_T"""""
381133,bridget54@hotmail.com,1593224030110434,1,1045.0,1,"""[{""""item_id"""":""""M_STAN_Q"""""
381507,jenna43@yahoo.com,1593229243958845,1,1045.0,1,"""[{""""item_id"""":""""M_STAN_Q"""""
382723,ebrown@francis.biz,1593248816647891,1,1195.0,1,"""[{""""item_id"""":""""M_STAN_K"""""
383467,garciasamantha@wilcox-spears.com,1593256976916132,1,595.0,1,"""[{""""item_id"""":""""M_STAN_T"""""
383265,ruthwilliams@benitez.com,1593255090387746,1,1795.0,1,"""[{""""item_id"""":""""M_PREM_Q"""""
408968,ncohen@ritter.com,1593443011166826,1,940.5,1,"""[{""""coupon"""":""""NEWBED10"""""
383471,andrewbailey@hotmail.com,1593256999765324,1,595.0,1,"""[{""""item_id"""":""""M_STAN_T"""""
429581,porteradam@baker.com,1593602560337510,1,535.5,1,"""[{""""coupon"""":""""NEWBED10"""""
383962,cclark@monroe.com,1593260938750438,1,595.0,1,"""[{""""item_id"""":""""M_STAN_T"""""
383800,jeremymartinez@yahoo.com,1593259662979419,1,1795.0,1,"""[{""""item_id"""":""""M_PREM_Q"""""
384064,anthonyford@hotmail.com,1593261580396937,1,945.0,1,"""[{""""item_id"""":""""M_STAN_F"""""
405473,stephenfrench@yahoo.com,1593403790810847,1,940.5,1,"""[{""""coupon"""":""""NEWBED10"""""
416395,julia52@gmail.com,1593498465974539,1,940.5,1,"""[{""""coupon"""":""""NEWBED10"""""
385104,lauren85@raymond.com,1593267674712882,1,1095.0,1,"""[{""""item_id"""":""""M_PREM_T"""""
384969,emilymckinney@gmail.com,1593267003684618,1,1195.0,1,"""[{""""item_id"""":""""M_STAN_K"""""
429227,johnle33@yahoo.com,1593598698097232,1,850.5,1,"""[{""""coupon"""":""""NEWBED10"""""
414572,edwardmay@gmail.com,1593474644304537,1,535.5,1,"""[{""""coupon"""":""""NEWBED10"""""
384678,vgardner@gmail.com,1593265337135230,1,1795.0,1,"""[{""""item_id"""":""""M_PREM_Q"""""
384532,sgregory@lee.com,1593264503859339,1,1195.0,1,"""[{""""item_id"""":""""M_STAN_K"""""
386055,alexander8837@yahoo.com,1593272090932118,2,2140.0,2,"""[{""""item_id"""":""""M_STAN_K"""""
427229,crystal87@hotmail.com,1593570783999295,1,1525.5,1,"""[{""""coupon"""":""""NEWBED10"""""
406311,brooksjudy@yahoo.com,1593417185782624,2,957.6,2,"""[{""""coupon"""":""""NEWBED10"""""
428173,igriffin@manning.com,1593584628931893,1,535.5,1,"""[{""""coupon"""":""""NEWBED10"""""
385733,flynnlisa@hardy.com,1593270847622522,1,1195.0,1,"""[{""""item_id"""":""""M_STAN_K"""""
385176,leonardnicole@hotmail.com,1593268115779172,1,1195.0,1,"""[{""""item_id"""":""""M_STAN_K"""""
421076,joseph83@santos.com,1593535150629234,1,535.5,1,"""[{""""coupon"""":""""NEWBED10"""""
385397,michelle12@cox.biz,1593269302621799,2,1254.0,2,"""[{""""item_id"""":""""M_STAN_K"""""
385545,ssmith@contreras.org,1593270030710803,1,1195.0,1,"""[{""""item_id"""":""""M_STAN_K"""""
416322,gturner@rhodes-reilly.com,1593497095940190,2,993.6,2,"""[{""""coupon"""":""""NEWBED10"""""
439156,jenniferharvey@walker-lin.com,1593669765643075,2,2556.0,2,"""[{""""coupon"""":""""NEWBED10"""""
410490,ggray30@yahoo.com,1593451207956759,1,985.5,1,"""[{""""coupon"""":""""NEWBED10"""""
417130,andreagoodman@robinson.org,1593509449351297,1,1795.5,1,"""[{""""coupon"""":""""NEWBED10"""""
386491,cassidyjones@johnson.com,1593273993439463,1,1045.0,1,"""[{""""item_id"""":""""M_STAN_Q"""""
386569,bzimmerman@yahoo.com,1593274266169518,1,1195.0,1,"""[{""""item_id"""":""""M_STAN_K"""""
437787,brittney96@benton.org,1593651457111967,1,940.5,1,"""[{""""coupon"""":""""NEWBED10"""""
428576,stevensoncorey@yahoo.com,1593590695969890,1,535.5,1,"""[{""""coupon"""":""""NEWBED10"""""
386144,trevor37@phillips-liu.com,1593272544802513,1,1195.0,1,"""[{""""item_id"""":""""M_STAN_K"""""
387030,nmiller17@gmail.com,1593276205762762,2,2114.0,2,"""[{""""item_id"""":""""M_PREM_K"""""
386247,kimberlywhite@hotmail.com,1593272882365700,1,595.0,1,"""[{""""item_id"""":""""M_STAN_T"""""
416315,susan73@walters.info,1593497048048986,1,940.5,1,"""[{""""coupon"""":""""NEWBED10"""""
386786,ianderson76@yahoo.com,1593275270542326,1,595.0,1,"""[{""""item_id"""":""""M_STAN_T"""""
387061,james5657@gmail.com,1593276325118273,1,1195.0,1,"""[{""""item_id"""":""""M_STAN_K"""""
386738,bjohnson@bowers.org,1593275061085135,1,1195.0,1,"""[{""""item_id"""":""""M_STAN_K"""""
386978,tracie87@hotmail.com,1593275994551576,1,1045.0,1,"""[{""""item_id"""":""""M_STAN_Q"""""
418960,brandon73@boyd.net,1593524418551222,1,850.5,1,"""[{""""coupon"""":""""NEWBED10"""""
386898,darren82@shannon.com,1593275698112301,1,595.0,1,"""[{""""item_id"""":""""M_STAN_T"""""
438951,kharrison@reyes-murillo.org,1593666471894889,2,1071.0,1,"""[{""""coupon"""":""""NEWBED10"""""
388534,jsanchez@patterson-gardner.biz,1593281908397962,1,119.0,1,"""[{""""item_id"""":""""P_DOWN_S"""""
388709,stephensrandy@yahoo.com,1593282447699775,1,1095.0,1,"""[{""""item_id"""":""""M_PREM_T"""""
388380,coreycunningham@hotmail.com,1593281279679108,1,1995.0,1,"""[{""""item_id"""":""""M_PREM_K"""""
426368,kenneth43@brown.com,1593562101550128,1,1615.5,1,"""[{""""coupon"""":""""NEWBED10"""""
388443,christina32@yahoo.com,1593281572420812,1,1095.0,1,"""[{""""item_id"""":""""M_PREM_T"""""
421341,teresahernandez@gmail.com,1593536328215167,1,1075.5,1,"""[{""""coupon"""":""""NEWBED10"""""
389514,patrickjeffrey@murray.biz,1593285465319315,1,945.0,1,"""[{""""item_id"""":""""M_STAN_F"""""
388977,qtownsend91@gmail.com,1593283404631119,1,945.0,1,"""[{""""item_id"""":""""M_STAN_F"""""
436367,buckleyalyssa@gmail.com,1593640348680789,1,535.5,1,"""[{""""coupon"""":""""NEWBED10"""""
388866,jeremysmith4@yahoo.com,1593282984580204,1,595.0,1,"""[{""""item_id"""":""""M_STAN_T"""""
410588,leonardroach@yahoo.com,1593451710635754,1,940.5,1,"""[{""""coupon"""":""""NEWBED10"""""
389749,michael43@wilson.info,1593286399349958,1,1045.0,1,"""[{""""item_id"""":""""M_STAN_Q"""""
389443,cummingschristina@yahoo.com,1593285159206399,1,1045.0,1,"""[{""""item_id"""":""""M_STAN_Q"""""
439306,garzaerica@valentine.org,1593671887534561,1,1075.5,1,"""[{""""coupon"""":""""NEWBED10"""""
431900,matthew0746@hotmail.com,1593617896772196,1,53.1,1,"""[{""""coupon"""":""""NEWBED10"""""
429176,gjackson@clements-robbins.com,1593598068197758,1,1525.5,1,"""[{""""coupon"""":""""NEWBED10"""""
390153,markscatherine@hicks.com,1593288030539731,1,1195.0,1,"""[{""""item_id"""":""""M_STAN_K"""""
389785,tamara86@melendez-caldwell.com,1593286567649260,1,1045.0,1,"""[{""""item_id"""":""""M_STAN_Q"""""
390236,jonesmatthew80@yahoo.com,1593288418260434,1,1195.0,1,"""[{""""item_id"""":""""M_STAN_K"""""
416240,stodd@campbell.com,1593495742985976,1,940.5,1,"""[{""""coupon"""":""""NEWBED10"""""
416299,ewhite@yahoo.com,1593496783593095,1,850.5,1,"""[{""""coupon"""":""""NEWBED10"""""
428662,robinsonamanda54@gmail.com,1593592074348868,1,1795.5,1,"""[{""""coupon"""":""""NEWBED10"""""
420140,angela45@alvarado-morris.net,1593530711635593,1,985.5,1,"""[{""""coupon"""":""""NEWBED10"""""
426663,mackenziesmith@wilson-watson.com,1593564798334931,1,850.5,1,"""[{""""coupon"""":""""NEWBED10"""""
391733,josephrobinson@mitchell-chambers.com,1593295755784272,1,1195.0,1,"""[{""""item_id"""":""""M_STAN_K"""""
391443,morganbrian@yahoo.com,1593294039186254,1,1045.0,1,"""[{""""item_id"""":""""M_STAN_Q"""""
391937,lmcdonald@weaver.net,1593296824919193,1,119.0,1,"""[{""""item_id"""":""""P_DOWN_S"""""
391351,williamleblanc@yahoo.com,1593293593669818,1,1195.0,1,"""[{""""item_id"""":""""M_STAN_K"""""
416674,cameronrobinson@kennedy-peters.info,1593502945531157,1,940.5,1,"""[{""""coupon"""":""""NEWBED10"""""
391378,rodgerslarry@yahoo.com,1593293729006270,1,595.0,1,"""[{""""item_id"""":""""M_STAN_T"""""
391960,whitetyler17@hotmail.com,1593296978005901,1,1795.0,1,"""[{""""item_id"""":""""M_PREM_Q"""""
392668,austin14@brown.com,1593301836424845,2,2390.0,2,"""[{""""item_id"""":""""M_PREM_Q"""""
405848,uwilson51@hotmail.com,1593409735826080,1,940.5,1,"""[{""""coupon"""":""""NEWBED10"""""
451157,william75@weber.biz,1593748802164931,2,1218.6,2,"""[{""""coupon"""":""""NEWBED10"""""
392433,wallacetanya@brown-taylor.com,1593300063663265,1,595.0,1,"""[{""""item_id"""":""""M_STAN_T"""""
411092,cunninghamkenneth@carlson.com,1593454054868229,1,535.5,1,"""[{""""coupon"""":""""NEWBED10"""""
392646,valdeztheresa@wheeler.com,1593301704234228,2,2240.0,2,"""[{""""item_id"""":""""M_STAN_Q"""""
393021,jessicaortega@collins.com,1593304621246048,1,1795.0,1,"""[{""""item_id"""":""""M_PREM_Q"""""
393339,ujordan44@hotmail.com,1593307805018095,1,1795.0,1,"""[{""""item_id"""":""""M_PREM_Q"""""
393529,williamssheena@hotmail.com,1593310294339799,1,595.0,1,"""[{""""item_id"""":""""M_STAN_T"""""
395480,richardsonrichard@henderson.com,1593339713399549,1,595.0,1,"""[{""""item_id"""":""""M_STAN_T"""""
437719,steven21@freeman.net,1593650860876572,2,606.6,2,"""[{""""coupon"""":""""NEWBED10"""""
435077,mccarthyashley@gmail.com,1593633149772815,1,1075.5,1,"""[{""""coupon"""":""""NEWBED10"""""
433264,tylerharrington@yahoo.com,1593624384162263,1,940.5,1,"""[{""""coupon"""":""""NEWBED10"""""
440924,amandagarner@burke.com,1593691092309478,1,985.5,1,"""[{""""coupon"""":""""NEWBED10"""""
396733,vdaugherty@le.com,1593350286021343,1,595.0,1,"""[{""""item_id"""":""""M_STAN_T"""""
397121,davidhudson@hotmail.com,1593352813236414,2,654.0,2,"""[{""""item_id"""":""""M_STAN_T"""""
424568,jennifer9649@hotmail.com,1593550417698570,1,535.5,1,"""[{""""coupon"""":""""NEWBED10"""""
434898,andrewwright@gmail.com,1593632246989602,1,940.5,1,"""[{""""coupon"""":""""NEWBED10"""""
441194,alexiswilliams@gmail.com,1593693141608548,1,940.5,1,"""[{""""coupon"""":""""NEWBED10"""""
